run_id,station_id,station_name,model,model_family,model_identifier,model_version,origin_date,target_date,horizon,context_start,context_end,context_length_used,y_true,y_true_observed,y_pred,q10,q50,q90,target_is_direct_observation,target_is_imputed,target_imputation_method,target_is_iqr_outlier,target_is_outlier_removed,prediction_source,training_site,evaluation_site
foundation_20260531T200051Z,pucon,Pucón,TimesFM,timesfm,google/timesfm-2.0-500m-pytorch,1.3.0,2023-12-31,2024-01-01,1,2021-07-28,2023-12-31,887,1.489225248700509,,1.5075064897537231,1.3090741634368896,1.5075064897537231,1.7025952339172363,False,True,historical_seasonal_harmonic_analog_residual,False,False,foundation_model_runtime,pucon,pucon
foundation_20260531T200051Z,pucon,Pucón,TimesFM,timesfm,google/timesfm-2.0-500m-pytorch,1.3.0,2023-12-31,2024-01-07,7,2021-07-28,2023-12-31,887,1.4579096217288583,,1.503349542617798,1.144340991973877,1.503349542617798,1.837313532829285,False,True,historical_seasonal_harmonic_analog_residual,False,False,foundation_model_runtime,pucon,pucon
foundation_20260531T200051Z,pucon,Pucón,TimesFM,timesfm,google/timesfm-2.0-500m-pytorch,1.3.0,2023-12-31,2024-01-14,14,2021-07-28,2023-12-31,887,1.8083186703974237,,1.4793236255645752,1.0500245094299316,1.4793236255645752,1.9127402305603027,False,True,historical_seasonal_harmonic_analog_residual,False,False,foundation_model_runtime,pucon,pucon
foundation_20260531T200051Z,pucon,Pucón,TimesFM,timesfm,google/timesfm-2.0-500m-pytorch,1.3.0,2023-12-31,2024-01-28,28,2021-07-28,2023-12-31,887,2.973413040760873,,1.4656944274902344,1.0051898956298828,1.4656944274902344,1.990548849105835,False,True,historical_seasonal_harmonic_analog_residual,False,False,foundation_model_runtime,pucon,pucon
foundation_20260531T200051Z,pucon,Pucón,TimesFM,timesfm,google/timesfm-2.0-500m-pytorch,1.3.0,2024-01-14,2024-01-15,1,2021-07-28,2024-01-14,901,1.819814792241883,,1.799545407295227,1.5885027647018433,1.799545407295227,1.973813533782959,False,True,historical_seasonal_harmonic_analog_residual,False,False,foundation_model_runtime,pucon,pucon
foundation_20260531T200051Z,pucon,Pucón,TimesFM,timesfm,google/timesfm-2.0-500m-pytorch,1.3.0,2024-01-14,2024-01-21,7,2021-07-28,2024-01-14,901,2.2150557302989333,,1.7627273797988892,1.2020540237426758,1.7627273797988892,2.1665782928466797,False,True,historical_seasonal_harmonic_analog_residual,False,False,foundation_model_runtime,pucon,pucon
foundation_20260531T200051Z,pucon,Pucón,TimesFM,timesfm,google/timesfm-2.0-500m-pytorch,1.3.0,2024-01-14,2024-01-28,14,2021-07-28,2024-01-14,901,2.973413040760873,,1.6704463958740234,0.935203731060028,1.6704463958740234,2.195066213607788,False,True,historical_seasonal_harmonic_analog_residual,False,False,foundation_model_runtime,pucon,pucon
foundation_20260531T200051Z,pucon,Pucón,TimesFM,timesfm,google/timesfm-2.0-500m-pytorch,1.3.0,2024-01-14,2024-02-11,28,2021-07-28,2024-01-14,901,3.858,3.858,1.5613363981246948,0.7120200395584106,1.5613363981246948,2.2190487384796143,True,False,observed,False,False,foundation_model_runtime,pucon,pucon
foundation_20260531T200051Z,pucon,Pucón,TimesFM,timesfm,google/timesfm-2.0-500m-pytorch,1.3.0,2024-01-28,2024-01-29,1,2021-07-28,2024-01-28,915,3.109042198525516,,3.09932804107666,2.7086291313171387,3.09932804107666,3.492201328277588,False,True,historical_seasonal_harmonic_analog_residual,False,False,foundation_model_runtime,pucon,pucon
foundation_20260531T200051Z,pucon,Pucón,TimesFM,timesfm,google/timesfm-2.0-500m-pytorch,1.3.0,2024-01-28,2024-02-04,7,2021-07-28,2024-01-28,915,3.592031348633422,,3.269126892089844,2.0254905223846436,3.269126892089844,4.8593645095825195,False,True,historical_seasonal_harmonic_analog_residual,False,False,foundation_model_runtime,pucon,pucon
foundation_20260531T200051Z,pucon,Pucón,TimesFM,timesfm,google/timesfm-2.0-500m-pytorch,1.3.0,2024-01-28,2024-02-11,14,2021-07-28,2024-01-28,915,3.858,3.858,3.2344586849212646,1.5815839767456057,3.2344586849212646,5.800082683563232,True,False,observed,False,False,foundation_model_runtime,pucon,pucon
foundation_20260531T200051Z,pucon,Pucón,TimesFM,timesfm,google/timesfm-2.0-500m-pytorch,1.3.0,2024-01-28,2024-02-25,28,2021-07-28,2024-01-28,915,1.448,1.448,2.90771484375,1.2074580192565918,2.90771484375,6.373939037322998,True,False,observed,False,False,foundation_model_runtime,pucon,pucon
foundation_20260531T200051Z,pucon,Pucón,TimesFM,timesfm,google/timesfm-2.0-500m-pytorch,1.3.0,2024-02-11,2024-02-12,1,2021-07-28,2024-02-11,929,3.533,3.533,3.6436612606048584,3.041609287261963,3.6436612606048584,4.220392227172852,True,False,observed,False,False,foundation_model_runtime,pucon,pucon
foundation_20260531T200051Z,pucon,Pucón,TimesFM,timesfm,google/timesfm-2.0-500m-pytorch,1.3.0,2024-02-11,2024-02-18,7,2021-07-28,2024-02-11,929,2.796,2.796,3.4337353706359863,1.812150239944458,3.4337353706359863,5.1288557052612305,True,False,observed,False,False,foundation_model_runtime,pucon,pucon
foundation_20260531T200051Z,pucon,Pucón,TimesFM,timesfm,google/timesfm-2.0-500m-pytorch,1.3.0,2024-02-11,2024-02-25,14,2021-07-28,2024-02-11,929,1.448,1.448,3.1016647815704346,1.3054814338684082,3.1016647815704346,5.5036163330078125,True,False,observed,False,False,foundation_model_runtime,pucon,pucon
foundation_20260531T200051Z,pucon,Pucón,TimesFM,timesfm,google/timesfm-2.0-500m-pytorch,1.3.0,2024-02-11,2024-03-10,28,2021-07-28,2024-02-11,929,0.356,0.356,2.612258195877075,1.0902140140533447,2.612258195877075,5.4763031005859375,True,False,observed,False,False,foundation_model_runtime,pucon,pucon
foundation_20260531T200051Z,pucon,Pucón,TimesFM,timesfm,google/timesfm-2.0-500m-pytorch,1.3.0,2024-02-25,2024-02-26,1,2021-07-28,2024-02-25,943,1.504,1.504,1.4033321142196655,1.0547012090682983,1.4033321142196655,1.8803385496139529,True,False,observed,False,False,foundation_model_runtime,pucon,pucon
foundation_20260531T200051Z,pucon,Pucón,TimesFM,timesfm,google/timesfm-2.0-500m-pytorch,1.3.0,2024-02-25,2024-03-03,7,2021-07-28,2024-02-25,943,1.021,1.021,1.4860928058624268,0.920427680015564,1.4860928058624268,2.4747512340545654,True,False,observed,False,False,foundation_model_runtime,pucon,pucon
foundation_20260531T200051Z,pucon,Pucón,TimesFM,timesfm,google/timesfm-2.0-500m-pytorch,1.3.0,2024-02-25,2024-03-10,14,2021-07-28,2024-02-25,943,0.356,0.356,1.5493285655975342,0.9216181635856628,1.5493285655975342,2.756359338760376,True,False,observed,False,False,foundation_model_runtime,pucon,pucon
foundation_20260531T200051Z,pucon,Pucón,TimesFM,timesfm,google/timesfm-2.0-500m-pytorch,1.3.0,2024-02-25,2024-03-24,28,2021-07-28,2024-02-25,943,0.442,0.442,1.547844648361206,0.9271642565727234,1.547844648361206,2.937121868133545,True,False,observed,False,False,foundation_model_runtime,pucon,pucon
foundation_20260531T200051Z,pucon,Pucón,TimesFM,timesfm,google/timesfm-2.0-500m-pytorch,1.3.0,2024-03-10,2024-03-11,1,2021-07-28,2024-03-10,957,0.363,0.363,0.3462973833084106,0.1487718820571899,0.3462973833084106,0.6120513677597046,True,False,observed,False,False,foundation_model_runtime,pucon,pucon
foundation_20260531T200051Z,pucon,Pucón,TimesFM,timesfm,google/timesfm-2.0-500m-pytorch,1.3.0,2024-03-10,2024-03-17,7,2021-07-28,2024-03-10,957,0.54,0.54,0.5088543891906738,0.107072114944458,0.5088543891906738,1.105959177017212,True,False,observed,False,False,foundation_model_runtime,pucon,pucon
foundation_20260531T200051Z,pucon,Pucón,TimesFM,timesfm,google/timesfm-2.0-500m-pytorch,1.3.0,2024-03-10,2024-03-24,14,2021-07-28,2024-03-10,957,0.442,0.442,0.6652836799621582,0.1464715003967285,0.6652836799621582,1.506621479988098,True,False,observed,False,False,foundation_model_runtime,pucon,pucon
foundation_20260531T200051Z,pucon,Pucón,TimesFM,timesfm,google/timesfm-2.0-500m-pytorch,1.3.0,2024-03-10,2024-04-07,28,2021-07-28,2024-03-10,957,0.975,0.975,0.8488015532493591,0.209378957748413,0.8488015532493591,2.1069071292877197,True,False,observed,False,False,foundation_model_runtime,pucon,pucon
foundation_20260531T200051Z,pucon,Pucón,TimesFM,timesfm,google/timesfm-2.0-500m-pytorch,1.3.0,2024-03-24,2024-03-25,1,2021-07-28,2024-03-24,971,0.546,0.546,0.6005344390869141,0.3948642015457153,0.6005344390869141,0.8176316022872925,True,False,observed,False,False,foundation_model_runtime,pucon,pucon
foundation_20260531T200051Z,pucon,Pucón,TimesFM,timesfm,google/timesfm-2.0-500m-pytorch,1.3.0,2024-03-24,2024-03-31,7,2021-07-28,2024-03-24,971,0.696,0.696,0.6463537216186523,0.2515037059783935,0.6463537216186523,1.093820095062256,True,False,observed,False,False,foundation_model_runtime,pucon,pucon
foundation_20260531T200051Z,pucon,Pucón,TimesFM,timesfm,google/timesfm-2.0-500m-pytorch,1.3.0,2024-03-24,2024-04-07,14,2021-07-28,2024-03-24,971,0.975,0.975,0.7586014270782471,0.2502715587615967,0.7586014270782471,1.440993309020996,True,False,observed,False,False,foundation_model_runtime,pucon,pucon
foundation_20260531T200051Z,pucon,Pucón,TimesFM,timesfm,google/timesfm-2.0-500m-pytorch,1.3.0,2024-03-24,2024-04-21,28,2021-07-28,2024-03-24,971,1.569,1.569,0.9137140512466432,0.3103806972503662,0.9137140512466432,1.9563966989517212,True,False,observed,False,False,foundation_model_runtime,pucon,pucon
foundation_20260531T200051Z,pucon,Pucón,TimesFM,timesfm,google/timesfm-2.0-500m-pytorch,1.3.0,2024-04-07,2024-04-08,1,2021-07-28,2024-04-07,985,0.84,0.84,1.0196917057037354,0.8165233135223389,1.0196917057037354,1.2201743125915527,True,False,observed,False,False,foundation_model_runtime,pucon,pucon
foundation_20260531T200051Z,pucon,Pucón,TimesFM,timesfm,google/timesfm-2.0-500m-pytorch,1.3.0,2024-04-07,2024-04-14,7,2021-07-28,2024-04-07,985,0.356,0.356,1.039218783378601,0.6157320737838745,1.039218783378601,1.596180081367493,True,False,observed,False,False,foundation_model_runtime,pucon,pucon
foundation_20260531T200051Z,pucon,Pucón,TimesFM,timesfm,google/timesfm-2.0-500m-pytorch,1.3.0,2024-04-07,2024-04-21,14,2021-07-28,2024-04-07,985,1.569,1.569,1.0802466869354248,0.5793956518173218,1.0802466869354248,1.9071911573410032,True,False,observed,False,False,foundation_model_runtime,pucon,pucon
foundation_20260531T200051Z,pucon,Pucón,TimesFM,timesfm,google/timesfm-2.0-500m-pytorch,1.3.0,2024-04-07,2024-05-05,28,2021-07-28,2024-04-07,985,0.731,0.731,1.1818912029266355,0.5300048589706421,1.1818912029266355,2.6685662269592285,True,False,observed,False,False,foundation_model_runtime,pucon,pucon
foundation_20260531T200051Z,pucon,Pucón,TimesFM,timesfm,google/timesfm-2.0-500m-pytorch,1.3.0,2024-04-21,2024-04-22,1,2021-07-28,2024-04-21,999,1.508,1.508,1.6534730195999146,1.3320863246917725,1.6534730195999146,1.9615583419799805,True,False,observed,False,False,foundation_model_runtime,pucon,pucon
foundation_20260531T200051Z,pucon,Pucón,TimesFM,timesfm,google/timesfm-2.0-500m-pytorch,1.3.0,2024-04-21,2024-04-28,7,2021-07-28,2024-04-21,999,0.698,0.698,1.5823153257369995,0.8625151515007019,1.5823153257369995,2.439866781234741,True,False,observed,False,False,foundation_model_runtime,pucon,pucon
foundation_20260531T200051Z,pucon,Pucón,TimesFM,timesfm,google/timesfm-2.0-500m-pytorch,1.3.0,2024-04-21,2024-05-05,14,2021-07-28,2024-04-21,999,0.731,0.731,1.5979710817337036,0.734826922416687,1.5979710817337036,2.916311740875244,True,False,observed,False,False,foundation_model_runtime,pucon,pucon
foundation_20260531T200051Z,pucon,Pucón,TimesFM,timesfm,google/timesfm-2.0-500m-pytorch,1.3.0,2024-04-21,2024-05-19,28,2021-07-28,2024-04-21,999,1.3045931927470418,,1.61441171169281,0.6822713613510132,1.61441171169281,3.451571226119995,False,True,historical_seasonal_harmonic_analog_residual,False,False,foundation_model_runtime,pucon,pucon
foundation_20260531T200051Z,pucon,Pucón,TimesFM,timesfm,google/timesfm-2.0-500m-pytorch,1.3.0,2024-05-05,2024-05-06,1,2021-07-28,2024-05-05,1013,0.802,0.802,0.8262079954147339,0.5424202680587769,0.8262079954147339,1.140834093093872,True,False,observed,False,False,foundation_model_runtime,pucon,pucon
foundation_20260531T200051Z,pucon,Pucón,TimesFM,timesfm,google/timesfm-2.0-500m-pytorch,1.3.0,2024-05-05,2024-05-12,7,2021-07-28,2024-05-05,1013,1.269171597710892,,0.9905865788459778,0.2964564561843872,0.9905865788459778,2.150917053222656,False,True,historical_seasonal_harmonic_analog_residual,False,False,foundation_model_runtime,pucon,pucon
foundation_20260531T200051Z,pucon,Pucón,TimesFM,timesfm,google/timesfm-2.0-500m-pytorch,1.3.0,2024-05-05,2024-05-19,14,2021-07-28,2024-05-05,1013,1.3045931927470418,,1.105224609375,0.3290843963623047,1.105224609375,2.6100540161132812,False,True,historical_seasonal_harmonic_analog_residual,False,False,foundation_model_runtime,pucon,pucon
foundation_20260531T200051Z,pucon,Pucón,TimesFM,timesfm,google/timesfm-2.0-500m-pytorch,1.3.0,2024-05-05,2024-06-02,28,2021-07-28,2024-05-05,1013,1.399916893616373,,1.1135215759277344,0.3685518503189087,1.1135215759277344,2.826915979385376,False,True,historical_seasonal_harmonic_analog_residual,False,False,foundation_model_runtime,pucon,pucon
foundation_20260531T200051Z,pucon,Pucón,TimesFM,timesfm,google/timesfm-2.0-500m-pytorch,1.3.0,2024-05-19,2024-05-20,1,2021-07-31,2024-05-19,1024,1.3118160587213568,,1.3403303623199463,1.1162503957748413,1.3403303623199463,1.5239707231521606,False,True,historical_seasonal_harmonic_analog_residual,False,False,foundation_model_runtime,pucon,pucon
foundation_20260531T200051Z,pucon,Pucón,TimesFM,timesfm,google/timesfm-2.0-500m-pytorch,1.3.0,2024-05-19,2024-05-26,7,2021-07-31,2024-05-19,1024,1.3115698931299236,,1.3045063018798828,0.8351696729660034,1.3045063018798828,1.8970249891281128,False,True,historical_seasonal_harmonic_analog_residual,False,False,foundation_model_runtime,pucon,pucon
foundation_20260531T200051Z,pucon,Pucón,TimesFM,timesfm,google/timesfm-2.0-500m-pytorch,1.3.0,2024-05-19,2024-06-02,14,2021-07-31,2024-05-19,1024,1.399916893616373,,1.274864912033081,0.7409799098968506,1.274864912033081,2.2316620349884033,False,True,historical_seasonal_harmonic_analog_residual,False,False,foundation_model_runtime,pucon,pucon
foundation_20260531T200051Z,pucon,Pucón,TimesFM,timesfm,google/timesfm-2.0-500m-pytorch,1.3.0,2024-05-19,2024-06-16,28,2021-07-31,2024-05-19,1024,1.2121806689006256,,1.3591233491897583,0.7131531238555908,1.3591233491897583,2.9797468185424805,False,True,historical_seasonal_harmonic_analog_residual,False,False,foundation_model_runtime,pucon,pucon
foundation_20260531T200051Z,pucon,Pucón,TimesFM,timesfm,google/timesfm-2.0-500m-pytorch,1.3.0,2024-06-02,2024-06-03,1,2021-08-14,2024-06-02,1024,1.4134911471022216,,1.3987596035003662,1.2915120124816897,1.3987596035003662,1.4844387769699097,False,True,historical_seasonal_harmonic_analog_residual,False,False,foundation_model_runtime,pucon,pucon
foundation_20260531T200051Z,pucon,Pucón,TimesFM,timesfm,google/timesfm-2.0-500m-pytorch,1.3.0,2024-06-02,2024-06-09,7,2021-08-14,2024-06-02,1024,1.2810420149474748,,1.4026789665222168,1.0811474323272705,1.4026789665222168,1.834359884262085,False,True,historical_seasonal_harmonic_analog_residual,False,False,foundation_model_runtime,pucon,pucon
foundation_20260531T200051Z,pucon,Pucón,TimesFM,timesfm,google/timesfm-2.0-500m-pytorch,1.3.0,2024-06-02,2024-06-16,14,2021-08-14,2024-06-02,1024,1.2121806689006256,,1.357609510421753,0.9243950843811036,1.357609510421753,2.237290620803833,False,True,historical_seasonal_harmonic_analog_residual,False,False,foundation_model_runtime,pucon,pucon
foundation_20260531T200051Z,pucon,Pucón,TimesFM,timesfm,google/timesfm-2.0-500m-pytorch,1.3.0,2024-06-02,2024-06-30,28,2021-08-14,2024-06-02,1024,1.0613499641964723,,1.391872525215149,0.8455615043640137,1.391872525215149,3.09517502784729,False,True,historical_seasonal_harmonic_analog_residual,False,False,foundation_model_runtime,pucon,pucon
foundation_20260531T200051Z,pucon,Pucón,TimesFM,timesfm,google/timesfm-2.0-500m-pytorch,1.3.0,2024-06-16,2024-06-17,1,2021-08-28,2024-06-16,1024,1.153859938811772,,1.1695396900177002,1.0307596921920776,1.1695396900177002,1.2990703582763672,False,True,historical_seasonal_harmonic_analog_residual,False,False,foundation_model_runtime,pucon,pucon
foundation_20260531T200051Z,pucon,Pucón,TimesFM,timesfm,google/timesfm-2.0-500m-pytorch,1.3.0,2024-06-16,2024-06-23,7,2021-08-28,2024-06-16,1024,1.0597239984733435,,1.21368408203125,0.931739330291748,1.21368408203125,1.81460964679718,False,True,historical_seasonal_harmonic_analog_residual,False,False,foundation_model_runtime,pucon,pucon
foundation_20260531T200051Z,pucon,Pucón,TimesFM,timesfm,google/timesfm-2.0-500m-pytorch,1.3.0,2024-06-16,2024-06-30,14,2021-08-28,2024-06-16,1024,1.0613499641964723,,1.215803623199463,0.8766095638275146,1.215803623199463,2.392620801925659,False,True,historical_seasonal_harmonic_analog_residual,False,False,foundation_model_runtime,pucon,pucon
foundation_20260531T200051Z,pucon,Pucón,TimesFM,timesfm,google/timesfm-2.0-500m-pytorch,1.3.0,2024-06-16,2024-07-14,28,2021-08-28,2024-06-16,1024,1.2651598777326265,,1.321568489074707,0.8592278957366943,1.321568489074707,3.573893785476685,False,True,historical_seasonal_harmonic_analog_residual,False,False,foundation_model_runtime,pucon,pucon
foundation_20260531T200051Z,pucon,Pucón,TimesFM,timesfm,google/timesfm-2.0-500m-pytorch,1.3.0,2024-06-30,2024-07-01,1,2021-09-11,2024-06-30,1024,1.0976352686820867,,1.0691232681274414,0.9809128046035768,1.0691232681274414,1.1970534324645996,False,True,historical_seasonal_harmonic_analog_residual,False,False,foundation_model_runtime,pucon,pucon
foundation_20260531T200051Z,pucon,Pucón,TimesFM,timesfm,google/timesfm-2.0-500m-pytorch,1.3.0,2024-06-30,2024-07-07,7,2021-09-11,2024-06-30,1024,1.2474285282780466,,1.1135292053222656,0.8673386573791504,1.1135292053222656,1.6886876821517944,False,True,historical_seasonal_harmonic_analog_residual,False,False,foundation_model_runtime,pucon,pucon
foundation_20260531T200051Z,pucon,Pucón,TimesFM,timesfm,google/timesfm-2.0-500m-pytorch,1.3.0,2024-06-30,2024-07-14,14,2021-09-11,2024-06-30,1024,1.2651598777326265,,1.1197552680969238,0.779860258102417,1.1197552680969238,2.195697069168091,False,True,historical_seasonal_harmonic_analog_residual,False,False,foundation_model_runtime,pucon,pucon
foundation_20260531T200051Z,pucon,Pucón,TimesFM,timesfm,google/timesfm-2.0-500m-pytorch,1.3.0,2024-06-30,2024-07-28,28,2021-09-11,2024-06-30,1024,1.3146311118428238,,1.1656715869903564,0.7324445247650146,1.1656715869903564,2.937346935272217,False,True,historical_seasonal_harmonic_analog_residual,False,False,foundation_model_runtime,pucon,pucon
foundation_20260531T200051Z,pucon,Pucón,TimesFM,timesfm,google/timesfm-2.0-500m-pytorch,1.3.0,2024-07-14,2024-07-15,1,2021-09-25,2024-07-14,1024,1.2875862156119882,,1.2282593250274658,1.143312931060791,1.2282593250274658,1.379729986190796,False,True,historical_seasonal_harmonic_analog_residual,False,False,foundation_model_runtime,pucon,pucon
foundation_20260531T200051Z,pucon,Pucón,TimesFM,timesfm,google/timesfm-2.0-500m-pytorch,1.3.0,2024-07-14,2024-07-21,7,2021-09-25,2024-07-14,1024,1.2364990592300051,,1.2248543500900269,0.9686301946640016,1.2248543500900269,1.8050779104232788,False,True,historical_seasonal_harmonic_analog_residual,False,False,foundation_model_runtime,pucon,pucon
foundation_20260531T200051Z,pucon,Pucón,TimesFM,timesfm,google/timesfm-2.0-500m-pytorch,1.3.0,2024-07-14,2024-07-28,14,2021-09-25,2024-07-14,1024,1.3146311118428238,,1.2165342569351196,0.9073063135147096,1.2165342569351196,2.2094390392303467,False,True,historical_seasonal_harmonic_analog_residual,False,False,foundation_model_runtime,pucon,pucon
foundation_20260531T200051Z,pucon,Pucón,TimesFM,timesfm,google/timesfm-2.0-500m-pytorch,1.3.0,2024-07-14,2024-08-11,28,2021-09-25,2024-07-14,1024,1.4027397523005989,,1.2812821865081787,0.8107485771179199,1.2812821865081787,3.3046555519104004,False,True,historical_seasonal_harmonic_analog_residual,False,False,foundation_model_runtime,pucon,pucon
foundation_20260531T200051Z,pucon,Pucón,TimesFM,timesfm,google/timesfm-2.0-500m-pytorch,1.3.0,2024-07-28,2024-07-29,1,2021-10-09,2024-07-28,1024,1.3330848593177238,,1.2772643566131592,1.197380304336548,1.2772643566131592,1.4128592014312744,False,True,historical_seasonal_harmonic_analog_residual,False,False,foundation_model_runtime,pucon,pucon
foundation_20260531T200051Z,pucon,Pucón,TimesFM,timesfm,google/timesfm-2.0-500m-pytorch,1.3.0,2024-07-28,2024-08-04,7,2021-10-09,2024-07-28,1024,1.3412490661370593,,1.2693556547164917,1.0415738821029663,1.2693556547164917,1.8046574592590332,False,True,historical_seasonal_harmonic_analog_residual,False,False,foundation_model_runtime,pucon,pucon
foundation_20260531T200051Z,pucon,Pucón,TimesFM,timesfm,google/timesfm-2.0-500m-pytorch,1.3.0,2024-07-28,2024-08-11,14,2021-10-09,2024-07-28,1024,1.4027397523005989,,1.312648892402649,0.9566731452941896,1.312648892402649,2.377227783203125,False,True,historical_seasonal_harmonic_analog_residual,False,False,foundation_model_runtime,pucon,pucon
foundation_20260531T200051Z,pucon,Pucón,TimesFM,timesfm,google/timesfm-2.0-500m-pytorch,1.3.0,2024-07-28,2024-08-25,28,2021-10-09,2024-07-28,1024,1.3631671656862885,,1.3849650621414185,0.9278640747070312,1.3849650621414185,3.008690357208252,False,True,historical_seasonal_harmonic_analog_residual,False,False,foundation_model_runtime,pucon,pucon
foundation_20260531T200051Z,pucon,Pucón,TimesFM,timesfm,google/timesfm-2.0-500m-pytorch,1.3.0,2024-08-11,2024-08-12,1,2021-10-23,2024-08-11,1024,1.3605475007659351,,1.3930339813232422,1.3166378736495972,1.3930339813232422,1.5634690523147583,False,True,historical_seasonal_harmonic_analog_residual,False,False,foundation_model_runtime,pucon,pucon
foundation_20260531T200051Z,pucon,Pucón,TimesFM,timesfm,google/timesfm-2.0-500m-pytorch,1.3.0,2024-08-11,2024-08-18,7,2021-10-23,2024-08-11,1024,1.416166614840039,,1.410372018814087,1.1229760646820068,1.410372018814087,2.1366493701934814,False,True,historical_seasonal_harmonic_analog_residual,False,False,foundation_model_runtime,pucon,pucon
foundation_20260531T200051Z,pucon,Pucón,TimesFM,timesfm,google/timesfm-2.0-500m-pytorch,1.3.0,2024-08-11,2024-08-25,14,2021-10-23,2024-08-11,1024,1.3631671656862885,,1.376707911491394,1.0172600746154783,1.376707911491394,2.612971305847168,False,True,historical_seasonal_harmonic_analog_residual,False,False,foundation_model_runtime,pucon,pucon
foundation_20260531T200051Z,pucon,Pucón,TimesFM,timesfm,google/timesfm-2.0-500m-pytorch,1.3.0,2024-08-11,2024-09-08,28,2021-10-23,2024-08-11,1024,1.6202049003485244,,1.3766993284225464,0.935195803642273,1.3766993284225464,3.412036657333374,False,True,historical_seasonal_harmonic_analog_residual,False,False,foundation_model_runtime,pucon,pucon
foundation_20260531T200051Z,pucon,Pucón,TimesFM,timesfm,google/timesfm-2.0-500m-pytorch,1.3.0,2024-08-25,2024-08-26,1,2021-11-06,2024-08-25,1024,1.3914748662434204,,1.359175682067871,1.243297815322876,1.359175682067871,1.569521427154541,False,True,historical_seasonal_harmonic_analog_residual,False,False,foundation_model_runtime,pucon,pucon
foundation_20260531T200051Z,pucon,Pucón,TimesFM,timesfm,google/timesfm-2.0-500m-pytorch,1.3.0,2024-08-25,2024-09-01,7,2021-11-06,2024-08-25,1024,1.3996043124938855,,1.3251981735229492,1.020665168762207,1.3251981735229492,1.8565924167633057,False,True,historical_seasonal_harmonic_analog_residual,False,False,foundation_model_runtime,pucon,pucon
foundation_20260531T200051Z,pucon,Pucón,TimesFM,timesfm,google/timesfm-2.0-500m-pytorch,1.3.0,2024-08-25,2024-09-08,14,2021-11-06,2024-08-25,1024,1.6202049003485244,,1.3287413120269775,0.9625248908996582,1.3287413120269775,2.3253631591796875,False,True,historical_seasonal_harmonic_analog_residual,False,False,foundation_model_runtime,pucon,pucon
foundation_20260531T200051Z,pucon,Pucón,TimesFM,timesfm,google/timesfm-2.0-500m-pytorch,1.3.0,2024-08-25,2024-09-22,28,2021-11-06,2024-08-25,1024,1.6091733780216222,,1.3639254570007324,0.935837745666504,1.3639254570007324,2.9898176193237305,False,True,historical_seasonal_harmonic_analog_residual,False,False,foundation_model_runtime,pucon,pucon
foundation_20260531T200051Z,pucon,Pucón,TimesFM,timesfm,google/timesfm-2.0-500m-pytorch,1.3.0,2024-09-08,2024-09-09,1,2021-11-20,2024-09-08,1024,1.6765858888720373,,1.683876872062683,1.505185604095459,1.683876872062683,1.9910759925842283,False,True,historical_seasonal_harmonic_analog_residual,False,False,foundation_model_runtime,pucon,pucon
foundation_20260531T200051Z,pucon,Pucón,TimesFM,timesfm,google/timesfm-2.0-500m-pytorch,1.3.0,2024-09-08,2024-09-15,7,2021-11-20,2024-09-08,1024,1.6285206646679464,,1.5854027271270752,1.1548278331756592,1.5854027271270752,2.1747848987579346,False,True,historical_seasonal_harmonic_analog_residual,False,False,foundation_model_runtime,pucon,pucon
foundation_20260531T200051Z,pucon,Pucón,TimesFM,timesfm,google/timesfm-2.0-500m-pytorch,1.3.0,2024-09-08,2024-09-22,14,2021-11-20,2024-09-08,1024,1.6091733780216222,,1.499415636062622,1.0520784854888916,1.499415636062622,2.3011231422424316,False,True,historical_seasonal_harmonic_analog_residual,False,False,foundation_model_runtime,pucon,pucon
foundation_20260531T200051Z,pucon,Pucón,TimesFM,timesfm,google/timesfm-2.0-500m-pytorch,1.3.0,2024-09-08,2024-10-06,28,2021-11-20,2024-09-08,1024,1.7900671252099274,,1.4855058193206787,1.0192649364471436,1.4855058193206787,2.5888655185699463,False,True,historical_seasonal_harmonic_analog_residual,False,False,foundation_model_runtime,pucon,pucon
foundation_20260531T200051Z,pucon,Pucón,TimesFM,timesfm,google/timesfm-2.0-500m-pytorch,1.3.0,2024-09-22,2024-09-23,1,2021-12-04,2024-09-22,1024,1.4757281833403155,,1.5375514030456543,1.3810700178146362,1.5375514030456543,1.7336145639419556,False,True,historical_seasonal_harmonic_analog_residual,False,False,foundation_model_runtime,pucon,pucon
foundation_20260531T200051Z,pucon,Pucón,TimesFM,timesfm,google/timesfm-2.0-500m-pytorch,1.3.0,2024-09-22,2024-09-29,7,2021-12-04,2024-09-22,1024,1.7501450653023112,,1.5206396579742432,1.1739413738250732,1.5206396579742432,2.067863702774048,False,True,historical_seasonal_harmonic_analog_residual,False,False,foundation_model_runtime,pucon,pucon
foundation_20260531T200051Z,pucon,Pucón,TimesFM,timesfm,google/timesfm-2.0-500m-pytorch,1.3.0,2024-09-22,2024-10-06,14,2021-12-04,2024-09-22,1024,1.7900671252099274,,1.5065425634384155,1.0964717864990234,1.5065425634384155,2.282628059387207,False,True,historical_seasonal_harmonic_analog_residual,False,False,foundation_model_runtime,pucon,pucon
foundation_20260531T200051Z,pucon,Pucón,TimesFM,timesfm,google/timesfm-2.0-500m-pytorch,1.3.0,2024-09-22,2024-10-20,28,2021-12-04,2024-09-22,1024,2.23450720924804,,1.508949875831604,1.0471312999725342,1.508949875831604,2.660917043685913,False,True,historical_seasonal_harmonic_analog_residual,False,False,foundation_model_runtime,pucon,pucon
foundation_20260531T200051Z,pucon,Pucón,TimesFM,timesfm,google/timesfm-2.0-500m-pytorch,1.3.0,2024-10-06,2024-10-07,1,2021-12-18,2024-10-06,1024,1.8702668477274944,,1.7927097082138062,1.6589152812957764,1.7927097082138062,1.940980315208435,False,True,historical_seasonal_harmonic_analog_residual,False,False,foundation_model_runtime,pucon,pucon
foundation_20260531T200051Z,pucon,Pucón,TimesFM,timesfm,google/timesfm-2.0-500m-pytorch,1.3.0,2024-10-06,2024-10-13,7,2021-12-18,2024-10-06,1024,2.192506648821197,,1.7615714073181152,1.3797975778579712,1.7615714073181152,2.2238731384277344,False,True,historical_seasonal_harmonic_analog_residual,False,False,foundation_model_runtime,pucon,pucon
foundation_20260531T200051Z,pucon,Pucón,TimesFM,timesfm,google/timesfm-2.0-500m-pytorch,1.3.0,2024-10-06,2024-10-20,14,2021-12-18,2024-10-06,1024,2.23450720924804,,1.7033272981643677,1.2380279302597046,1.7033272981643677,2.3621721267700195,False,True,historical_seasonal_harmonic_analog_residual,False,False,foundation_model_runtime,pucon,pucon
foundation_20260531T200051Z,pucon,Pucón,TimesFM,timesfm,google/timesfm-2.0-500m-pytorch,1.3.0,2024-10-06,2024-11-03,28,2021-12-18,2024-10-06,1024,1.938592883571567,,1.6788026094436646,1.1436190605163574,1.6788026094436646,2.6883630752563477,False,True,historical_seasonal_harmonic_analog_residual,False,False,foundation_model_runtime,pucon,pucon
foundation_20260531T200051Z,pucon,Pucón,TimesFM,timesfm,google/timesfm-2.0-500m-pytorch,1.3.0,2024-10-20,2024-10-21,1,2022-01-01,2024-10-20,1024,2.231510390428462,,2.1998629570007324,2.04266619682312,2.1998629570007324,2.3792707920074463,False,True,historical_seasonal_harmonic_analog_residual,False,False,foundation_model_runtime,pucon,pucon
foundation_20260531T200051Z,pucon,Pucón,TimesFM,timesfm,google/timesfm-2.0-500m-pytorch,1.3.0,2024-10-20,2024-10-27,7,2022-01-01,2024-10-20,1024,2.1506514443864297,,2.218050718307495,1.7015769481658936,2.218050718307495,2.8921079635620117,False,True,historical_seasonal_harmonic_analog_residual,False,False,foundation_model_runtime,pucon,pucon
foundation_20260531T200051Z,pucon,Pucón,TimesFM,timesfm,google/timesfm-2.0-500m-pytorch,1.3.0,2024-10-20,2024-11-03,14,2022-01-01,2024-10-20,1024,1.938592883571567,,2.0975027084350586,1.4542369842529297,2.0975027084350586,3.101623058319092,False,True,historical_seasonal_harmonic_analog_residual,False,False,foundation_model_runtime,pucon,pucon
foundation_20260531T200051Z,pucon,Pucón,TimesFM,timesfm,google/timesfm-2.0-500m-pytorch,1.3.0,2024-10-20,2024-11-17,28,2022-01-01,2024-10-20,1024,1.7668602160210276,,1.8231359720230105,1.1338711977005005,1.8231359720230105,3.2681994438171387,False,True,historical_seasonal_harmonic_analog_residual,False,False,foundation_model_runtime,pucon,pucon
foundation_20260531T200051Z,pucon,Pucón,TimesFM,timesfm,google/timesfm-2.0-500m-pytorch,1.3.0,2024-11-03,2024-11-04,1,2022-01-15,2024-11-03,1024,2.07421808767037,,1.816075086593628,1.634915828704834,1.816075086593628,2.0857999324798584,False,True,historical_seasonal_harmonic_analog_residual,False,False,foundation_model_runtime,pucon,pucon
foundation_20260531T200051Z,pucon,Pucón,TimesFM,timesfm,google/timesfm-2.0-500m-pytorch,1.3.0,2024-11-03,2024-11-10,7,2022-01-15,2024-11-03,1024,2.04616086587426,,1.7770793437957764,1.371128797531128,1.7770793437957764,2.3457603454589844,False,True,historical_seasonal_harmonic_analog_residual,False,False,foundation_model_runtime,pucon,pucon
foundation_20260531T200051Z,pucon,Pucón,TimesFM,timesfm,google/timesfm-2.0-500m-pytorch,1.3.0,2024-11-03,2024-11-17,14,2022-01-15,2024-11-03,1024,1.7668602160210276,,1.6808252334594729,1.1838011741638184,1.6808252334594729,2.4492461681365967,False,True,historical_seasonal_harmonic_analog_residual,False,False,foundation_model_runtime,pucon,pucon
foundation_20260531T200051Z,pucon,Pucón,TimesFM,timesfm,google/timesfm-2.0-500m-pytorch,1.3.0,2024-11-03,2024-12-01,28,2022-01-15,2024-11-03,1024,1.5350723947234235,,1.7166438102722168,1.1217093467712402,1.7166438102722168,2.819577693939209,False,True,historical_seasonal_harmonic_analog_residual,False,False,foundation_model_runtime,pucon,pucon
foundation_20260531T200051Z,pucon,Pucón,TimesFM,timesfm,google/timesfm-2.0-500m-pytorch,1.3.0,2024-11-17,2024-11-18,1,2022-01-29,2024-11-17,1024,1.5541731645063757,,1.5960140228271484,1.4248833656311035,1.5960140228271484,1.8397932052612305,False,True,historical_seasonal_harmonic_analog_residual,False,False,foundation_model_runtime,pucon,pucon
foundation_20260531T200051Z,pucon,Pucón,TimesFM,timesfm,google/timesfm-2.0-500m-pytorch,1.3.0,2024-11-17,2024-11-24,7,2022-01-29,2024-11-17,1024,1.8947481608901873,,1.5705351829528809,1.2462782859802246,1.5705351829528809,2.045090675354004,False,True,historical_seasonal_harmonic_analog_residual,False,False,foundation_model_runtime,pucon,pucon
foundation_20260531T200051Z,pucon,Pucón,TimesFM,timesfm,google/timesfm-2.0-500m-pytorch,1.3.0,2024-11-17,2024-12-01,14,2022-01-29,2024-11-17,1024,1.5350723947234235,,1.6282877922058103,1.1826443672180176,1.6282877922058103,2.266845226287842,False,True,historical_seasonal_harmonic_analog_residual,False,False,foundation_model_runtime,pucon,pucon
foundation_20260531T200051Z,pucon,Pucón,TimesFM,timesfm,google/timesfm-2.0-500m-pytorch,1.3.0,2024-11-17,2024-12-15,28,2022-01-29,2024-11-17,1024,0.9906663307695308,,1.6912875175476074,1.0995330810546875,1.6912875175476074,2.5994811058044434,False,True,historical_seasonal_harmonic_analog_residual,False,False,foundation_model_runtime,pucon,pucon
foundation_20260531T200051Z,pucon,Pucón,TimesFM,timesfm,google/timesfm-2.0-500m-pytorch,1.3.0,2024-12-01,2024-12-02,1,2022-02-12,2024-12-01,1024,1.5999803163185913,,1.4526138305664062,1.2594118118286133,1.4526138305664062,1.680737018585205,False,True,historical_seasonal_harmonic_analog_residual,False,False,foundation_model_runtime,pucon,pucon
foundation_20260531T200051Z,pucon,Pucón,TimesFM,timesfm,google/timesfm-2.0-500m-pytorch,1.3.0,2024-12-01,2024-12-08,7,2022-02-12,2024-12-01,1024,1.1748632492229871,,1.4061403274536133,1.056779861450195,1.4061403274536133,1.8338818550109863,False,True,historical_seasonal_harmonic_analog_residual,False,False,foundation_model_runtime,pucon,pucon
foundation_20260531T200051Z,pucon,Pucón,TimesFM,timesfm,google/timesfm-2.0-500m-pytorch,1.3.0,2024-12-01,2024-12-15,14,2022-02-12,2024-12-01,1024,0.9906663307695308,,1.4640722274780271,0.9754929542541504,1.4640722274780271,2.141873359680176,False,True,historical_seasonal_harmonic_analog_residual,False,False,foundation_model_runtime,pucon,pucon
foundation_20260531T200051Z,pucon,Pucón,TimesFM,timesfm,google/timesfm-2.0-500m-pytorch,1.3.0,2024-12-01,2024-12-29,28,2022-02-12,2024-12-01,1024,0.333,0.333,1.4793615341186523,0.8882055282592773,1.4793615341186523,2.388432502746582,True,False,observed,False,False,foundation_model_runtime,pucon,pucon
foundation_20260531T200120Z,pucon,Pucón,Chronos Large,chronos,amazon/chronos-t5-large,2.2.2,2023-12-31,2024-01-01,1,2021-07-28,2023-12-31,887,1.489225248700509,,1.5448509454727173,1.4738231897354126,1.5270938873291016,1.5998972654342651,False,True,historical_seasonal_harmonic_analog_residual,False,False,foundation_model_runtime,pucon,pucon
foundation_20260531T200120Z,pucon,Pucón,Chronos Large,chronos,amazon/chronos-t5-large,2.2.2,2023-12-31,2024-01-07,7,2021-07-28,2023-12-31,887,1.4579096217288583,,1.5954577922821045,1.4702718257904053,1.5537292957305908,1.7366254329681396,False,True,historical_seasonal_harmonic_analog_residual,False,False,foundation_model_runtime,pucon,pucon
foundation_20260531T200120Z,pucon,Pucón,Chronos Large,chronos,amazon/chronos-t5-large,2.2.2,2023-12-31,2024-01-14,14,2021-07-28,2023-12-31,887,1.8083186703974237,,1.7153171300888062,1.4720474481582642,1.5892431735992432,1.9301759004592896,False,True,historical_seasonal_harmonic_analog_residual,False,False,foundation_model_runtime,pucon,pucon
foundation_20260531T200120Z,pucon,Pucón,Chronos Large,chronos,amazon/chronos-t5-large,2.2.2,2023-12-31,2024-01-28,28,2021-07-28,2023-12-31,887,2.973413040760873,,1.8112043142318728,1.4365336894989014,1.6513922214508057,2.118398904800415,False,True,historical_seasonal_harmonic_analog_residual,False,False,foundation_model_runtime,pucon,pucon
foundation_20260531T200120Z,pucon,Pucón,Chronos Large,chronos,amazon/chronos-t5-large,2.2.2,2024-01-14,2024-01-15,1,2021-07-28,2024-01-14,901,1.819814792241883,,1.7928502559661863,1.733531475067139,1.8061307668685913,1.843315839767456,False,True,historical_seasonal_harmonic_analog_residual,False,False,foundation_model_runtime,pucon,pucon
foundation_20260531T200120Z,pucon,Pucón,Chronos Large,chronos,amazon/chronos-t5-large,2.2.2,2024-01-14,2024-01-21,7,2021-07-28,2024-01-14,901,2.2150557302989333,,1.8123283386230469,1.5493769645690918,1.7884235382080078,2.0593433380126953,False,True,historical_seasonal_harmonic_analog_residual,False,False,foundation_model_runtime,pucon,pucon
foundation_20260531T200120Z,pucon,Pucón,Chronos Large,chronos,amazon/chronos-t5-large,2.2.2,2024-01-14,2024-01-28,14,2021-07-28,2024-01-14,901,2.973413040760873,,1.9371637105941772,1.5405232906341553,1.938934564590454,2.3125557899475098,False,True,historical_seasonal_harmonic_analog_residual,False,False,foundation_model_runtime,pucon,pucon
foundation_20260531T200120Z,pucon,Pucón,Chronos Large,chronos,amazon/chronos-t5-large,2.2.2,2024-01-14,2024-02-11,28,2021-07-28,2024-01-14,901,3.858,3.858,1.983202576637268,1.4502167701721191,1.9300808906555176,2.452442169189453,True,False,observed,False,False,foundation_model_runtime,pucon,pucon
foundation_20260531T200120Z,pucon,Pucón,Chronos Large,chronos,amazon/chronos-t5-large,2.2.2,2024-01-28,2024-01-29,1,2021-07-28,2024-01-28,915,3.109042198525516,,3.073410749435425,3.01924204826355,3.0370023250579834,3.1826364994049072,False,True,historical_seasonal_harmonic_analog_residual,False,False,foundation_model_runtime,pucon,pucon
foundation_20260531T200120Z,pucon,Pucón,Chronos Large,chronos,amazon/chronos-t5-large,2.2.2,2024-01-28,2024-02-04,7,2021-07-28,2024-01-28,915,3.592031348633422,,3.3655669689178467,3.006809949874878,3.303406000137329,3.806021213531494,False,True,historical_seasonal_harmonic_analog_residual,False,False,foundation_model_runtime,pucon,pucon
foundation_20260531T200120Z,pucon,Pucón,Chronos Large,chronos,amazon/chronos-t5-large,2.2.2,2024-01-28,2024-02-11,14,2021-07-28,2024-01-28,915,3.858,3.858,3.649730682373047,2.711989641189575,3.52540922164917,4.411645889282227,True,False,observed,False,False,foundation_model_runtime,pucon,pucon
foundation_20260531T200120Z,pucon,Pucón,Chronos Large,chronos,amazon/chronos-t5-large,2.2.2,2024-01-28,2024-02-25,28,2021-07-28,2024-01-28,915,1.448,1.448,3.774940490722656,2.3940813541412354,3.818453311920166,5.134488105773926,True,False,observed,False,False,foundation_model_runtime,pucon,pucon
foundation_20260531T200120Z,pucon,Pucón,Chronos Large,chronos,amazon/chronos-t5-large,2.2.2,2024-02-11,2024-02-12,1,2021-07-28,2024-02-11,929,3.533,3.533,3.969634532928467,3.621389627456665,3.924525260925293,4.29622745513916,True,False,observed,False,False,foundation_model_runtime,pucon,pucon
foundation_20260531T200120Z,pucon,Pucón,Chronos Large,chronos,amazon/chronos-t5-large,2.2.2,2024-02-11,2024-02-18,7,2021-07-28,2024-02-11,929,2.796,2.796,3.989482879638672,3.1432290077209473,4.032788276672363,4.776192665100098,True,False,observed,False,False,foundation_model_runtime,pucon,pucon
foundation_20260531T200120Z,pucon,Pucón,Chronos Large,chronos,amazon/chronos-t5-large,2.2.2,2024-02-11,2024-02-25,14,2021-07-28,2024-02-11,929,1.448,1.448,4.113985061645508,2.5946977138519287,4.032787799835205,5.3391594886779785,True,False,observed,False,False,foundation_model_runtime,pucon,pucon
foundation_20260531T200120Z,pucon,Pucón,Chronos Large,chronos,amazon/chronos-t5-large,2.2.2,2024-02-11,2024-03-10,28,2021-07-28,2024-02-11,929,0.356,0.356,3.907383680343628,2.24825668334961,3.726043701171875,5.333746433258057,True,False,observed,False,False,foundation_model_runtime,pucon,pucon
foundation_20260531T200120Z,pucon,Pucón,Chronos Large,chronos,amazon/chronos-t5-large,2.2.2,2024-02-25,2024-02-26,1,2021-07-28,2024-02-25,943,1.504,1.504,1.4422634840011597,1.2723181247711182,1.4268138408660889,1.675824761390686,True,False,observed,False,False,foundation_model_runtime,pucon,pucon
foundation_20260531T200120Z,pucon,Pucón,Chronos Large,chronos,amazon/chronos-t5-large,2.2.2,2024-02-25,2024-03-03,7,2021-07-28,2024-02-25,943,1.021,1.021,1.533143401145935,1.1323630809783936,1.4177260398864746,2.0084452629089355,True,False,observed,False,False,foundation_model_runtime,pucon,pucon
foundation_20260531T200120Z,pucon,Pucón,Chronos Large,chronos,amazon/chronos-t5-large,2.2.2,2024-02-25,2024-03-10,14,2021-07-28,2024-02-25,943,0.356,0.356,1.5049704313278198,0.6997750401496887,1.4268138408660889,1.9720933437347412,True,False,observed,False,False,foundation_model_runtime,pucon,pucon
foundation_20260531T200120Z,pucon,Pucón,Chronos Large,chronos,amazon/chronos-t5-large,2.2.2,2024-02-25,2024-03-24,28,2021-07-28,2024-02-25,943,0.442,0.442,1.5549545288085938,0.697957456111908,1.372286081314087,2.426492691040039,True,False,observed,False,False,foundation_model_runtime,pucon,pucon
foundation_20260531T200120Z,pucon,Pucón,Chronos Large,chronos,amazon/chronos-t5-large,2.2.2,2024-03-10,2024-03-11,1,2021-07-28,2024-03-10,957,0.363,0.363,0.3851086497306824,0.2970583736896515,0.3557585179805755,0.4873891770839691,True,False,observed,False,False,foundation_model_runtime,pucon,pucon
foundation_20260531T200120Z,pucon,Pucón,Chronos Large,chronos,amazon/chronos-t5-large,2.2.2,2024-03-10,2024-03-17,7,2021-07-28,2024-03-10,957,0.54,0.54,0.4776058197021484,0.3095099031925201,0.3735464513301849,0.8965114951133728,True,False,observed,False,False,foundation_model_runtime,pucon,pucon
foundation_20260531T200120Z,pucon,Pucón,Chronos Large,chronos,amazon/chronos-t5-large,2.2.2,2024-03-10,2024-03-24,14,2021-07-28,2024-03-10,957,0.442,0.442,0.5905591249465942,0.2774916291236877,0.3824403882026672,1.2327033281326294,True,False,observed,False,False,foundation_model_runtime,pucon,pucon
foundation_20260531T200120Z,pucon,Pucón,Chronos Large,chronos,amazon/chronos-t5-large,2.2.2,2024-03-10,2024-04-07,28,2021-07-28,2024-03-10,957,0.975,0.975,0.693729043006897,0.2935007810592651,0.3824403882026672,1.698746919631958,True,False,observed,False,False,foundation_model_runtime,pucon,pucon
foundation_20260531T200120Z,pucon,Pucón,Chronos Large,chronos,amazon/chronos-t5-large,2.2.2,2024-03-24,2024-03-25,1,2021-07-28,2024-03-24,971,0.546,0.546,0.4611304402351379,0.3882311880588531,0.4323098063468933,0.5323345065116882,True,False,observed,False,False,foundation_model_runtime,pucon,pucon
foundation_20260531T200120Z,pucon,Pucón,Chronos Large,chronos,amazon/chronos-t5-large,2.2.2,2024-03-24,2024-03-31,7,2021-07-28,2024-03-24,971,0.696,0.696,0.5967571139335632,0.3441525101661682,0.5509830713272095,0.9900742173194884,True,False,observed,False,False,foundation_model_runtime,pucon,pucon
foundation_20260531T200120Z,pucon,Pucón,Chronos Large,chronos,amazon/chronos-t5-large,2.2.2,2024-03-24,2024-04-07,14,2021-07-28,2024-03-24,971,0.975,0.975,0.7849389910697937,0.3543245196342468,0.6442263722419739,1.240983486175537,True,False,observed,False,False,foundation_model_runtime,pucon,pucon
foundation_20260531T200120Z,pucon,Pucón,Chronos Large,chronos,amazon/chronos-t5-large,2.2.2,2024-03-24,2024-04-21,28,2021-07-28,2024-03-24,971,1.569,1.569,0.8807252645492554,0.3509338498115539,0.6357496976852417,1.4935879707336426,True,False,observed,False,False,foundation_model_runtime,pucon,pucon
foundation_20260531T200120Z,pucon,Pucón,Chronos Large,chronos,amazon/chronos-t5-large,2.2.2,2024-04-07,2024-04-08,1,2021-07-28,2024-04-07,985,0.84,0.84,0.9651583433151244,0.7967691421508789,1.01033616065979,1.117119550704956,True,False,observed,False,False,foundation_model_runtime,pucon,pucon
foundation_20260531T200120Z,pucon,Pucón,Chronos Large,chronos,amazon/chronos-t5-large,2.2.2,2024-04-07,2024-04-14,7,2021-07-28,2024-04-07,985,0.356,0.356,0.8846601247787476,0.5766308903694153,0.854267954826355,1.2978302240371704,True,False,observed,False,False,foundation_model_runtime,pucon,pucon
foundation_20260531T200120Z,pucon,Pucón,Chronos Large,chronos,amazon/chronos-t5-large,2.2.2,2024-04-07,2024-04-21,14,2021-07-28,2024-04-07,985,1.569,1.569,0.8518037796020508,0.4846327900886535,0.7967691421508789,1.3389006853103638,True,False,observed,False,False,foundation_model_runtime,pucon,pucon
foundation_20260531T200120Z,pucon,Pucón,Chronos Large,chronos,amazon/chronos-t5-large,2.2.2,2024-04-07,2024-05-05,28,2021-07-28,2024-04-07,985,0.731,0.731,1.0300500392913818,0.4862756133079529,0.8460538387298584,1.7266069650650024,True,False,observed,False,False,foundation_model_runtime,pucon,pucon
foundation_20260531T200120Z,pucon,Pucón,Chronos Large,chronos,amazon/chronos-t5-large,2.2.2,2024-04-21,2024-04-22,1,2021-07-28,2024-04-21,999,1.508,1.508,1.6066844463348389,1.3838012218475342,1.6195125579833984,1.8215506076812744,True,False,observed,False,False,foundation_model_runtime,pucon,pucon
foundation_20260531T200120Z,pucon,Pucón,Chronos Large,chronos,amazon/chronos-t5-large,2.2.2,2024-04-21,2024-04-28,7,2021-07-28,2024-04-21,999,0.698,0.698,1.736566185951233,0.9284135699272156,1.860034227371216,2.5623574256896973,True,False,observed,False,False,foundation_model_runtime,pucon,pucon
foundation_20260531T200120Z,pucon,Pucón,Chronos Large,chronos,amazon/chronos-t5-large,2.2.2,2024-04-21,2024-05-05,14,2021-07-28,2024-04-21,999,0.731,0.731,1.920164704322815,0.7231684327125549,2.100555896759033,3.2229902744293213,True,False,observed,False,False,foundation_model_runtime,pucon,pucon
foundation_20260531T200120Z,pucon,Pucón,Chronos Large,chronos,amazon/chronos-t5-large,2.2.2,2024-04-21,2024-05-19,28,2021-07-28,2024-04-21,999,1.3045931927470418,,1.7822654247283936,0.3768172860145569,1.6836516857147217,3.5196337699890137,False,True,historical_seasonal_harmonic_analog_residual,False,False,foundation_model_runtime,pucon,pucon
foundation_20260531T200120Z,pucon,Pucón,Chronos Large,chronos,amazon/chronos-t5-large,2.2.2,2024-05-05,2024-05-06,1,2021-07-28,2024-05-05,1013,0.802,0.802,0.7718037366867065,0.5766803622245789,0.7978729009628296,0.9953661561012268,True,False,observed,False,False,foundation_model_runtime,pucon,pucon
foundation_20260531T200120Z,pucon,Pucón,Chronos Large,chronos,amazon/chronos-t5-large,2.2.2,2024-05-05,2024-05-12,7,2021-07-28,2024-05-05,1013,1.269171597710892,,0.8681804537773132,0.5956397652626038,0.8294718265533447,1.145461082458496,False,True,historical_seasonal_harmonic_analog_residual,False,False,foundation_model_runtime,pucon,pucon
foundation_20260531T200120Z,pucon,Pucón,Chronos Large,chronos,amazon/chronos-t5-large,2.2.2,2024-05-05,2024-05-19,14,2021-07-28,2024-05-05,1013,1.3045931927470418,,0.773383617401123,0.5624608993530273,0.7425747513771057,1.1502009630203247,False,True,historical_seasonal_harmonic_analog_residual,False,False,foundation_model_runtime,pucon,pucon
foundation_20260531T200120Z,pucon,Pucón,Chronos Large,chronos,amazon/chronos-t5-large,2.2.2,2024-05-05,2024-06-02,28,2021-07-28,2024-05-05,1013,1.399916893616373,,0.8136724233627319,0.6398782134056091,0.782073438167572,1.096482753753662,False,True,historical_seasonal_harmonic_analog_residual,False,False,foundation_model_runtime,pucon,pucon
foundation_20260531T200120Z,pucon,Pucón,Chronos Large,chronos,amazon/chronos-t5-large,2.2.2,2024-05-19,2024-05-20,1,2021-07-31,2024-05-19,1024,1.3118160587213568,,1.3101381063461304,1.2345530986785889,1.2991153001785278,1.4502849578857422,False,True,historical_seasonal_harmonic_analog_residual,False,False,foundation_model_runtime,pucon,pucon
foundation_20260531T200120Z,pucon,Pucón,Chronos Large,chronos,amazon/chronos-t5-large,2.2.2,2024-05-19,2024-05-26,7,2021-07-31,2024-05-19,1024,1.3115698931299236,,1.1928240060806274,0.7731704115867615,1.3227355480194092,1.4833534955978394,False,True,historical_seasonal_harmonic_analog_residual,False,False,foundation_model_runtime,pucon,pucon
foundation_20260531T200120Z,pucon,Pucón,Chronos Large,chronos,amazon/chronos-t5-large,2.2.2,2024-05-19,2024-06-02,14,2021-07-31,2024-05-19,1024,1.399916893616373,,1.1652671098709106,0.7369527220726013,1.2597482204437256,1.5794092416763306,False,True,historical_seasonal_harmonic_analog_residual,False,False,foundation_model_runtime,pucon,pucon
foundation_20260531T200120Z,pucon,Pucón,Chronos Large,chronos,amazon/chronos-t5-large,2.2.2,2024-05-19,2024-06-16,28,2021-07-31,2024-05-19,1024,1.2121806689006256,,0.9267022013664246,0.4739802479743957,0.8582034111022949,1.417216658592224,False,True,historical_seasonal_harmonic_analog_residual,False,False,foundation_model_runtime,pucon,pucon
foundation_20260531T200120Z,pucon,Pucón,Chronos Large,chronos,amazon/chronos-t5-large,2.2.2,2024-06-02,2024-06-03,1,2021-08-14,2024-06-02,1024,1.4134911471022216,,1.4038044214248655,1.3810230493545532,1.4061610698699951,1.4297280311584473,False,True,historical_seasonal_harmonic_analog_residual,False,False,foundation_model_runtime,pucon,pucon
foundation_20260531T200120Z,pucon,Pucón,Chronos Large,chronos,amazon/chronos-t5-large,2.2.2,2024-06-02,2024-06-09,7,2021-08-14,2024-06-02,1024,1.2810420149474748,,1.3951632976531982,1.3448870182037354,1.4140167236328125,1.462721824645996,False,True,historical_seasonal_harmonic_analog_residual,False,False,foundation_model_runtime,pucon,pucon
foundation_20260531T200120Z,pucon,Pucón,Chronos Large,chronos,amazon/chronos-t5-large,2.2.2,2024-06-02,2024-06-16,14,2021-08-14,2024-06-02,1024,1.2121806689006256,,1.381808519363403,1.0840795040130615,1.382594108581543,1.56955885887146,False,True,historical_seasonal_harmonic_analog_residual,False,False,foundation_model_runtime,pucon,pucon
foundation_20260531T200120Z,pucon,Pucón,Chronos Large,chronos,amazon/chronos-t5-large,2.2.2,2024-06-02,2024-06-30,28,2021-08-14,2024-06-02,1024,1.0613499641964723,,1.3181778192520142,0.8405543565750122,1.3747384548187256,1.6763955354690552,False,True,historical_seasonal_harmonic_analog_residual,False,False,foundation_model_runtime,pucon,pucon
foundation_20260531T200120Z,pucon,Pucón,Chronos Large,chronos,amazon/chronos-t5-large,2.2.2,2024-06-16,2024-06-17,1,2021-08-28,2024-06-16,1024,1.153859938811772,,1.1767117977142334,1.090648889541626,1.157934308052063,1.270598292350769,False,True,historical_seasonal_harmonic_analog_residual,False,False,foundation_model_runtime,pucon,pucon
foundation_20260531T200120Z,pucon,Pucón,Chronos Large,chronos,amazon/chronos-t5-large,2.2.2,2024-06-16,2024-06-23,7,2021-08-28,2024-06-16,1024,1.0597239984733435,,1.11099112033844,0.5570603609085083,1.1344627141952517,1.4881021976470947,False,True,historical_seasonal_harmonic_analog_residual,False,False,foundation_model_runtime,pucon,pucon
foundation_20260531T200120Z,pucon,Pucón,Chronos Large,chronos,amazon/chronos-t5-large,2.2.2,2024-06-16,2024-06-30,14,2021-08-28,2024-06-16,1024,1.0613499641964723,,1.192359209060669,0.6196513772010803,1.2674686908721924,1.6977821588516235,False,True,historical_seasonal_harmonic_analog_residual,False,False,foundation_model_runtime,pucon,pucon
foundation_20260531T200120Z,pucon,Pucón,Chronos Large,chronos,amazon/chronos-t5-large,2.2.2,2024-06-16,2024-07-14,28,2021-08-28,2024-06-16,1024,1.2651598777326265,,1.269033432006836,0.8684507012367249,1.3144118785858154,1.683699131011963,False,True,historical_seasonal_harmonic_analog_residual,False,False,foundation_model_runtime,pucon,pucon
foundation_20260531T200120Z,pucon,Pucón,Chronos Large,chronos,amazon/chronos-t5-large,2.2.2,2024-06-30,2024-07-01,1,2021-09-11,2024-06-30,1024,1.0976352686820867,,1.0723628997802734,1.0431724786758425,1.0754355192184448,1.107698678970337,False,True,historical_seasonal_harmonic_analog_residual,False,False,foundation_model_runtime,pucon,pucon
foundation_20260531T200120Z,pucon,Pucón,Chronos Large,chronos,amazon/chronos-t5-large,2.2.2,2024-06-30,2024-07-07,7,2021-09-11,2024-06-30,1024,1.2474285282780466,,1.121525764465332,0.8265490531921387,1.1292073726654053,1.442620038986206,False,True,historical_seasonal_harmonic_analog_residual,False,False,foundation_model_runtime,pucon,pucon
foundation_20260531T200120Z,pucon,Pucón,Chronos Large,chronos,amazon/chronos-t5-large,2.2.2,2024-06-30,2024-07-14,14,2021-09-11,2024-06-30,1024,1.2651598777326265,,1.0362590551376345,0.6698427200317383,1.0447087287902832,1.364266872406006,False,True,historical_seasonal_harmonic_analog_residual,False,False,foundation_model_runtime,pucon,pucon
foundation_20260531T200120Z,pucon,Pucón,Chronos Large,chronos,amazon/chronos-t5-large,2.2.2,2024-06-30,2024-07-28,28,2021-09-11,2024-06-30,1024,1.3146311118428238,,1.2382872104644775,0.5976349115371704,1.0984807014465332,1.8113409280776975,False,True,historical_seasonal_harmonic_analog_residual,False,False,foundation_model_runtime,pucon,pucon
foundation_20260531T200120Z,pucon,Pucón,Chronos Large,chronos,amazon/chronos-t5-large,2.2.2,2024-07-14,2024-07-15,1,2021-09-25,2024-07-14,1024,1.2875862156119882,,1.2692859172821045,1.2450600862503052,1.262678861618042,1.3067258596420288,False,True,historical_seasonal_harmonic_analog_residual,False,False,foundation_model_runtime,pucon,pucon
foundation_20260531T200120Z,pucon,Pucón,Chronos Large,chronos,amazon/chronos-t5-large,2.2.2,2024-07-14,2024-07-21,7,2021-09-25,2024-07-14,1024,1.2364990592300051,,1.2670835256576538,1.001333713531494,1.2847023010253906,1.6811248064041138,False,True,historical_seasonal_harmonic_analog_residual,False,False,foundation_model_runtime,pucon,pucon
foundation_20260531T200120Z,pucon,Pucón,Chronos Large,chronos,amazon/chronos-t5-large,2.2.2,2024-07-14,2024-07-28,14,2021-09-25,2024-07-14,1024,1.3146311118428238,,1.3441656827926636,0.9308586120605468,1.2479965686798096,2.0731425285339355,False,True,historical_seasonal_harmonic_analog_residual,False,False,foundation_model_runtime,pucon,pucon
foundation_20260531T200120Z,pucon,Pucón,Chronos Large,chronos,amazon/chronos-t5-large,2.2.2,2024-07-14,2024-08-11,28,2021-09-25,2024-07-14,1024,1.4027397523005989,,1.408033847808838,0.6298712491989136,1.2186319828033447,2.7793617248535156,False,True,historical_seasonal_harmonic_analog_residual,False,False,foundation_model_runtime,pucon,pucon
foundation_20260531T200120Z,pucon,Pucón,Chronos Large,chronos,amazon/chronos-t5-large,2.2.2,2024-07-28,2024-07-29,1,2021-10-09,2024-07-28,1024,1.3330848593177238,,1.344768524169922,1.2861846685409546,1.344768524169922,1.4273186922073364,False,True,historical_seasonal_harmonic_analog_residual,False,False,foundation_model_runtime,pucon,pucon
foundation_20260531T200120Z,pucon,Pucón,Chronos Large,chronos,amazon/chronos-t5-large,2.2.2,2024-07-28,2024-08-04,7,2021-10-09,2024-07-28,1024,1.3412490661370593,,1.4199955463409424,1.1144269704818726,1.3780548572540283,1.7255644798278809,False,True,historical_seasonal_harmonic_analog_residual,False,False,foundation_model_runtime,pucon,pucon
foundation_20260531T200120Z,pucon,Pucón,Chronos Large,chronos,amazon/chronos-t5-large,2.2.2,2024-07-28,2024-08-11,14,2021-10-09,2024-07-28,1024,1.4027397523005989,,1.3933665752410889,1.0638316869735718,1.3247966766357422,1.824091911315918,False,True,historical_seasonal_harmonic_analog_residual,False,False,foundation_model_runtime,pucon,pucon
foundation_20260531T200120Z,pucon,Pucón,Chronos Large,chronos,amazon/chronos-t5-large,2.2.2,2024-07-28,2024-08-25,28,2021-10-09,2024-07-28,1024,1.3631671656862885,,1.367403268814087,0.5765195488929749,1.398026704788208,2.063753604888916,False,True,historical_seasonal_harmonic_analog_residual,False,False,foundation_model_runtime,pucon,pucon
foundation_20260531T200120Z,pucon,Pucón,Chronos Large,chronos,amazon/chronos-t5-large,2.2.2,2024-08-11,2024-08-12,1,2021-10-23,2024-08-11,1024,1.3605475007659351,,1.4103171825408936,1.3741554021835327,1.3982633352279663,1.4513009786605835,False,True,historical_seasonal_harmonic_analog_residual,False,False,foundation_model_runtime,pucon,pucon
foundation_20260531T200120Z,pucon,Pucón,Chronos Large,chronos,amazon/chronos-t5-large,2.2.2,2024-08-11,2024-08-18,7,2021-10-23,2024-08-11,1024,1.416166614840039,,1.5097628831863403,1.2138372659683228,1.4585332870483398,2.043152093887329,False,True,historical_seasonal_harmonic_analog_residual,False,False,foundation_model_runtime,pucon,pucon
foundation_20260531T200120Z,pucon,Pucón,Chronos Large,chronos,amazon/chronos-t5-large,2.2.2,2024-08-11,2024-08-25,14,2021-10-23,2024-08-11,1024,1.3631671656862885,,1.4464792013168335,1.0957080125808716,1.3801823854446411,1.7634994983673096,False,True,historical_seasonal_harmonic_analog_residual,False,False,foundation_model_runtime,pucon,pucon
foundation_20260531T200120Z,pucon,Pucón,Chronos Large,chronos,amazon/chronos-t5-large,2.2.2,2024-08-11,2024-09-08,28,2021-10-23,2024-08-11,1024,1.6202049003485244,,1.6236730813980105,1.0824487209320068,1.476614236831665,2.3420913219451904,False,True,historical_seasonal_harmonic_analog_residual,False,False,foundation_model_runtime,pucon,pucon
foundation_20260531T200120Z,pucon,Pucón,Chronos Large,chronos,amazon/chronos-t5-large,2.2.2,2024-08-25,2024-08-26,1,2021-11-06,2024-08-25,1024,1.3914748662434204,,1.3783245086669922,1.3058393001556396,1.3777711391448977,1.4209301471710205,False,True,historical_seasonal_harmonic_analog_residual,False,False,foundation_model_runtime,pucon,pucon
foundation_20260531T200120Z,pucon,Pucón,Chronos Large,chronos,amazon/chronos-t5-large,2.2.2,2024-08-25,2024-09-01,7,2021-11-06,2024-08-25,1024,1.3996043124938855,,1.4187170267105105,1.1121766567230225,1.416503667831421,1.6278725862503052,False,True,historical_seasonal_harmonic_analog_residual,False,False,foundation_model_runtime,pucon,pucon
foundation_20260531T200120Z,pucon,Pucón,Chronos Large,chronos,amazon/chronos-t5-large,2.2.2,2024-08-25,2024-09-08,14,2021-11-06,2024-08-25,1024,1.6202049003485244,,1.3993507623672483,1.0358182191848757,1.333505392074585,1.5902466773986816,False,True,historical_seasonal_harmonic_analog_residual,False,False,foundation_model_runtime,pucon,pucon
foundation_20260531T200120Z,pucon,Pucón,Chronos Large,chronos,amazon/chronos-t5-large,2.2.2,2024-08-25,2024-09-22,28,2021-11-06,2024-08-25,1024,1.6091733780216222,,1.564793825149536,0.9727396368980408,1.4552360773086548,2.321738004684448,False,True,historical_seasonal_harmonic_analog_residual,False,False,foundation_model_runtime,pucon,pucon
foundation_20260531T200120Z,pucon,Pucón,Chronos Large,chronos,amazon/chronos-t5-large,2.2.2,2024-09-08,2024-09-09,1,2021-11-20,2024-09-08,1024,1.6765858888720373,,1.7027769088745115,1.5937860012054443,1.714278221130371,1.8117676973342896,False,True,historical_seasonal_harmonic_analog_residual,False,False,foundation_model_runtime,pucon,pucon
foundation_20260531T200120Z,pucon,Pucón,Chronos Large,chronos,amazon/chronos-t5-large,2.2.2,2024-09-08,2024-09-15,7,2021-11-20,2024-09-08,1024,1.6285206646679464,,1.7438538074493408,1.4075703620910645,1.7745245695114136,2.0242724418640137,False,True,historical_seasonal_harmonic_analog_residual,False,False,foundation_model_runtime,pucon,pucon
foundation_20260531T200120Z,pucon,Pucón,Chronos Large,chronos,amazon/chronos-t5-large,2.2.2,2024-09-08,2024-09-22,14,2021-11-20,2024-09-08,1024,1.6091733780216222,,1.7257798910140991,1.224640965461731,1.856678485870361,2.2115836143493652,False,True,historical_seasonal_harmonic_analog_residual,False,False,foundation_model_runtime,pucon,pucon
foundation_20260531T200120Z,pucon,Pucón,Chronos Large,chronos,amazon/chronos-t5-large,2.2.2,2024-09-08,2024-10-06,28,2021-11-20,2024-09-08,1024,1.7900671252099274,,1.7307090759277344,1.2191641330718994,1.5335397720336914,2.5555343627929688,False,True,historical_seasonal_harmonic_analog_residual,False,False,foundation_model_runtime,pucon,pucon
foundation_20260531T200120Z,pucon,Pucón,Chronos Large,chronos,amazon/chronos-t5-large,2.2.2,2024-09-22,2024-09-23,1,2021-12-04,2024-09-22,1024,1.4757281833403155,,1.5434277057647705,1.4218639135360718,1.535830020904541,1.6497962474822998,False,True,historical_seasonal_harmonic_analog_residual,False,False,foundation_model_runtime,pucon,pucon
foundation_20260531T200120Z,pucon,Pucón,Chronos Large,chronos,amazon/chronos-t5-large,2.2.2,2024-09-22,2024-09-29,7,2021-12-04,2024-09-22,1024,1.7501450653023112,,1.5217198133468628,1.2395179271697998,1.5521109104156494,1.8592770099639893,False,True,historical_seasonal_harmonic_analog_residual,False,False,foundation_model_runtime,pucon,pucon
foundation_20260531T200120Z,pucon,Pucón,Chronos Large,chronos,amazon/chronos-t5-large,2.2.2,2024-09-22,2024-10-06,14,2021-12-04,2024-09-22,1024,1.7900671252099274,,1.5304031372070312,1.0843068361282349,1.5575380325317385,1.9016072750091553,False,True,historical_seasonal_harmonic_analog_residual,False,False,foundation_model_runtime,pucon,pucon
foundation_20260531T200120Z,pucon,Pucón,Chronos Large,chronos,amazon/chronos-t5-large,2.2.2,2024-09-22,2024-10-20,28,2021-12-04,2024-09-22,1024,2.23450720924804,,1.614521026611328,0.9855362176895142,1.6118075847625732,1.8885825872421265,False,True,historical_seasonal_harmonic_analog_residual,False,False,foundation_model_runtime,pucon,pucon
foundation_20260531T200120Z,pucon,Pucón,Chronos Large,chronos,amazon/chronos-t5-large,2.2.2,2024-10-06,2024-10-07,1,2021-12-18,2024-10-06,1024,1.8702668477274944,,1.8061147928237915,1.6746433973312378,1.826589822769165,1.963449478149414,False,True,historical_seasonal_harmonic_analog_residual,False,False,foundation_model_runtime,pucon,pucon
foundation_20260531T200120Z,pucon,Pucón,Chronos Large,chronos,amazon/chronos-t5-large,2.2.2,2024-10-06,2024-10-13,7,2021-12-18,2024-10-06,1024,2.192506648821197,,1.773247003555298,1.4343310594558716,1.8481425046920776,2.0507378578186035,False,True,historical_seasonal_harmonic_analog_residual,False,False,foundation_model_runtime,pucon,pucon
foundation_20260531T200120Z,pucon,Pucón,Chronos Large,chronos,amazon/chronos-t5-large,2.2.2,2024-10-06,2024-10-20,14,2021-12-18,2024-10-06,1024,2.23450720924804,,1.7339134216308594,1.2015620470046997,1.6918855905532837,2.1865198612213135,False,True,historical_seasonal_harmonic_analog_residual,False,False,foundation_model_runtime,pucon,pucon
foundation_20260531T200120Z,pucon,Pucón,Chronos Large,chronos,amazon/chronos-t5-large,2.2.2,2024-10-06,2024-11-03,28,2021-12-18,2024-10-06,1024,1.938592883571567,,1.9478237628936768,1.2328134775161743,1.799649000167847,3.004444122314453,False,True,historical_seasonal_harmonic_analog_residual,False,False,foundation_model_runtime,pucon,pucon
foundation_20260531T200120Z,pucon,Pucón,Chronos Large,chronos,amazon/chronos-t5-large,2.2.2,2024-10-20,2024-10-21,1,2022-01-01,2024-10-20,1024,2.231510390428462,,2.2528486251831055,2.144264459609986,2.2539453506469727,2.318657159805298,False,True,historical_seasonal_harmonic_analog_residual,False,False,foundation_model_runtime,pucon,pucon
foundation_20260531T200120Z,pucon,Pucón,Chronos Large,chronos,amazon/chronos-t5-large,2.2.2,2024-10-20,2024-10-27,7,2022-01-01,2024-10-20,1024,2.1506514443864297,,2.42449951171875,1.875545859336853,2.369110584259033,2.9339680671691895,False,True,historical_seasonal_harmonic_analog_residual,False,False,foundation_model_runtime,pucon,pucon
foundation_20260531T200120Z,pucon,Pucón,Chronos Large,chronos,amazon/chronos-t5-large,2.2.2,2024-10-20,2024-11-03,14,2022-01-01,2024-10-20,1024,1.938592883571567,,2.5720202922821045,1.6901847124099731,2.6213769912719727,3.5240519046783447,False,True,historical_seasonal_harmonic_analog_residual,False,False,foundation_model_runtime,pucon,pucon
foundation_20260531T200120Z,pucon,Pucón,Chronos Large,chronos,amazon/chronos-t5-large,2.2.2,2024-10-20,2024-11-17,28,2022-01-01,2024-10-20,1024,1.7668602160210276,,2.5308899879455566,1.619989037513733,2.3800787925720215,3.5174708366394043,False,True,historical_seasonal_harmonic_analog_residual,False,False,foundation_model_runtime,pucon,pucon
foundation_20260531T200120Z,pucon,Pucón,Chronos Large,chronos,amazon/chronos-t5-large,2.2.2,2024-11-03,2024-11-04,1,2022-01-15,2024-11-03,1024,2.07421808767037,,1.92904794216156,1.7367563247680664,1.917343258857727,2.1636996269226074,False,True,historical_seasonal_harmonic_analog_residual,False,False,foundation_model_runtime,pucon,pucon
foundation_20260531T200120Z,pucon,Pucón,Chronos Large,chronos,amazon/chronos-t5-large,2.2.2,2024-11-03,2024-11-10,7,2022-01-15,2024-11-03,1024,2.04616086587426,,1.8264923095703125,1.4491547346115112,1.8170173168182373,2.381072759628296,False,True,historical_seasonal_harmonic_analog_residual,False,False,foundation_model_runtime,pucon,pucon
foundation_20260531T200120Z,pucon,Pucón,Chronos Large,chronos,amazon/chronos-t5-large,2.2.2,2024-11-03,2024-11-17,14,2022-01-15,2024-11-03,1024,1.7668602160210276,,1.9201301336288452,1.3911885023117063,1.7835750579833984,2.611823081970215,False,True,historical_seasonal_harmonic_analog_residual,False,False,foundation_model_runtime,pucon,pucon
foundation_20260531T200120Z,pucon,Pucón,Chronos Large,chronos,amazon/chronos-t5-large,2.2.2,2024-11-03,2024-12-01,28,2022-01-15,2024-11-03,1024,1.5350723947234235,,1.9574735164642336,0.8059530854225159,2.073406219482422,2.4557604789733887,False,True,historical_seasonal_harmonic_analog_residual,False,False,foundation_model_runtime,pucon,pucon
foundation_20260531T200120Z,pucon,Pucón,Chronos Large,chronos,amazon/chronos-t5-large,2.2.2,2024-11-17,2024-11-18,1,2022-01-29,2024-11-17,1024,1.5541731645063757,,1.7881923913955688,1.6953212022781372,1.7898809909820557,1.8585494756698608,False,True,historical_seasonal_harmonic_analog_residual,False,False,foundation_model_runtime,pucon,pucon
foundation_20260531T200120Z,pucon,Pucón,Chronos Large,chronos,amazon/chronos-t5-large,2.2.2,2024-11-17,2024-11-24,7,2022-01-29,2024-11-17,1024,1.8947481608901873,,1.7752468585968018,1.4397847652435305,1.7448525428771973,2.11296010017395,False,True,historical_seasonal_harmonic_analog_residual,False,False,foundation_model_runtime,pucon,pucon
foundation_20260531T200120Z,pucon,Pucón,Chronos Large,chronos,amazon/chronos-t5-large,2.2.2,2024-11-17,2024-12-01,14,2022-01-29,2024-11-17,1024,1.5350723947234235,,1.821963906288147,1.3384708166122437,1.8067667484283447,2.2502970695495605,False,True,historical_seasonal_harmonic_analog_residual,False,False,foundation_model_runtime,pucon,pucon
foundation_20260531T200120Z,pucon,Pucón,Chronos Large,chronos,amazon/chronos-t5-large,2.2.2,2024-11-17,2024-12-15,28,2022-01-29,2024-11-17,1024,0.9906663307695308,,1.9576117992401123,1.5422245264053345,2.076937437057495,2.2525484561920166,False,True,historical_seasonal_harmonic_analog_residual,False,False,foundation_model_runtime,pucon,pucon
foundation_20260531T200120Z,pucon,Pucón,Chronos Large,chronos,amazon/chronos-t5-large,2.2.2,2024-12-01,2024-12-02,1,2022-02-12,2024-12-01,1024,1.5999803163185913,,1.5154478549957275,1.4297747611999512,1.4978593587875366,1.647645354270935,False,True,historical_seasonal_harmonic_analog_residual,False,False,foundation_model_runtime,pucon,pucon
foundation_20260531T200120Z,pucon,Pucón,Chronos Large,chronos,amazon/chronos-t5-large,2.2.2,2024-12-01,2024-12-08,7,2022-02-12,2024-12-01,1024,1.1748632492229871,,1.439420223236084,1.0995649099349976,1.4581432342529297,1.7179992198944092,False,True,historical_seasonal_harmonic_analog_residual,False,False,foundation_model_runtime,pucon,pucon
foundation_20260531T200120Z,pucon,Pucón,Chronos Large,chronos,amazon/chronos-t5-large,2.2.2,2024-12-01,2024-12-15,14,2022-02-12,2024-12-01,1024,0.9906663307695308,,1.4042431116104126,0.8828291296958923,1.378711462020874,1.9574297666549685,False,True,historical_seasonal_harmonic_analog_residual,False,False,foundation_model_runtime,pucon,pucon
foundation_20260531T200120Z,pucon,Pucón,Chronos Large,chronos,amazon/chronos-t5-large,2.2.2,2024-12-01,2024-12-29,28,2022-02-12,2024-12-01,1024,0.333,0.333,1.4223989248275757,0.7534685730934143,1.2936058044433594,2.115158796310425,True,False,observed,False,False,foundation_model_runtime,pucon,pucon
