station_id,station_name,model,horizon,target_data_class,n,MAPE,MSE,RMSE,Bias,MedianAbsoluteError,MAE
la_poza,La Poza,Chronos Large,1,direct_observation,7.0,14.707348134447557,0.045776121756335574,0.21395355046443043,0.05208578930582319,0.158795015335083,0.17797254518100195
la_poza,La Poza,Chronos Large,1,gap_filled_or_missing_observation,18.0,4.943313517283725,0.04722881583638034,0.21732191752416585,-0.048372463867694365,0.018613338817830893,0.07800868255979693
la_poza,La Poza,Chronos Large,2,direct_observation,6.0,27.808544928165645,0.1741879663821092,0.4173583189324363,0.08502260025342305,0.3972151160240173,0.3596349693139394
la_poza,La Poza,Chronos Large,2,gap_filled_or_missing_observation,19.0,9.038778927823964,0.048521816812903885,0.22027668240851977,-0.06123097891368283,0.06935596991465398,0.12437643111718762
la_poza,La Poza,Chronos Large,3,direct_observation,6.0,33.546588847248124,0.390068995789596,0.6245550382389017,0.21058390013376874,0.46183089709281916,0.48170948950449627
la_poza,La Poza,Chronos Large,3,gap_filled_or_missing_observation,19.0,10.993105571127348,0.0547511556895298,0.2339896486802991,-0.06605167949745631,0.09438798932178771,0.14703808006969593
la_poza,La Poza,Chronos Large,4,direct_observation,6.0,54.88899805899279,0.5431432627547037,0.7369825389754521,0.416668827454249,0.470080662727356,0.5567538669109345
la_poza,La Poza,Chronos Large,4,gap_filled_or_missing_observation,19.0,12.982818017766661,0.06282254328719096,0.25064425644165667,-0.07765943345230575,0.10294131855934618,0.17279341899178588
la_poza,La Poza,Chronos Large,5,direct_observation,6.0,65.60662043368293,0.4047231554766388,0.6361785562848207,0.3999933981895447,0.4646258625984192,0.5199386906623841
la_poza,La Poza,Chronos Large,5,gap_filled_or_missing_observation,19.0,14.031748196794345,0.0724985786083322,0.2692556008857238,-0.09439158117551309,0.12218630983998269,0.18885429696724698
la_poza,La Poza,Chronos Large,6,direct_observation,6.0,103.29736789818618,0.32287811098338015,0.5682236452167229,0.41463047488530475,0.43797909212112424,0.4314548223813375
la_poza,La Poza,Chronos Large,6,gap_filled_or_missing_observation,19.0,14.323883600703422,0.07506281613958703,0.27397594080427395,-0.11121933422533428,0.17347095807758905,0.19848615986175497
la_poza,La Poza,Chronos Large,7,direct_observation,6.0,71.69324403268601,0.44113691224493007,0.6641813850484897,0.5066103129386902,0.45407475733757025,0.5523839847246806
la_poza,La Poza,Chronos Large,7,gap_filled_or_missing_observation,19.0,13.292560659301431,0.06996554308876166,0.26451000564961935,-0.09709929865163713,0.1135765873346466,0.18685030230292976
la_poza,La Poza,Chronos Large,8,direct_observation,6.0,59.97766382550128,0.46224292574003384,0.6798844944106563,0.5164487573305766,0.41059524202346803,0.5720747272173564
la_poza,La Poza,Chronos Large,8,gap_filled_or_missing_observation,19.0,12.80614541530937,0.07290636654904349,0.27001178964823647,-0.09109325778771205,0.10561507506259704,0.18644139838217602
la_poza,La Poza,Chronos Large,9,direct_observation,6.0,74.49009480463637,0.46937502681592785,0.6851094998727779,0.4650519334475199,0.5876391191482544,0.5878719557126363
la_poza,La Poza,Chronos Large,9,gap_filled_or_missing_observation,19.0,15.165692785945954,0.08853163504137147,0.29754266087633796,-0.10458081592446948,0.159601471802987,0.21999196089617343
la_poza,La Poza,Chronos Large,10,direct_observation,7.0,83.33978068595238,0.6708073008508793,0.8190282662099515,0.44146834155491416,0.44921251106262217,0.6793893909454346
la_poza,La Poza,Chronos Large,10,gap_filled_or_missing_observation,18.0,17.80049626773647,0.10890785493152602,0.3300119011967993,-0.10473654228824358,0.14799218982535917,0.24887176462421706
la_poza,La Poza,Chronos Large,11,direct_observation,6.0,110.44771478094563,1.0144873311710898,1.0072176185765864,0.54823681306839,0.8214169583320617,0.8652900980313619
la_poza,La Poza,Chronos Large,11,gap_filled_or_missing_observation,19.0,16.300011435611818,0.10152617335353664,0.31863172057021666,-0.10105101237678822,0.17453618096239032,0.23156379269743022
la_poza,La Poza,Chronos Large,12,direct_observation,7.0,80.38260976720123,0.9958183796012475,0.997906999475025,0.5833654312406268,0.442577087402344,0.7653717230388096
la_poza,La Poza,Chronos Large,12,gap_filled_or_missing_observation,18.0,16.213148138542543,0.10950376186964293,0.33091352627180853,-0.08937833039262412,0.1662343462825372,0.23783406977141197
la_poza,La Poza,Chronos Large,13,direct_observation,7.0,113.4937317179889,1.3743164429063792,1.1723124339980273,0.7597947012356349,0.7525679492950439,0.9559932931491305
la_poza,La Poza,Chronos Large,13,gap_filled_or_missing_observation,18.0,16.97909870818203,0.12393815477403052,0.35204851196110815,-0.08977471864480625,0.17900988904392212,0.24998748456186493
la_poza,La Poza,Chronos Large,14,direct_observation,7.0,127.45403741188134,1.5867312330543972,1.25965520403577,0.6053101261683873,0.6920815172195437,0.9730641569410051
la_poza,La Poza,Chronos Large,14,gap_filled_or_missing_observation,18.0,19.078311378622242,0.14814096279778657,0.38489084530264756,-0.08866994353898064,0.2077478365829627,0.2763550544638105
la_poza,La Poza,Chronos Large,15,direct_observation,7.0,113.28469078903576,1.4876547528635253,1.2196945326037685,0.6561852630887712,0.599777982711792,0.8649271203449794
la_poza,La Poza,Chronos Large,15,gap_filled_or_missing_observation,18.0,21.175760524367927,0.17873531249998711,0.4227709929737223,-0.0788815278069776,0.2511914371543107,0.3059658387531054
la_poza,La Poza,Chronos Large,16,direct_observation,6.0,84.82072363463008,1.4024276949180834,1.184241400609725,0.7244370696544647,0.3986464948654174,0.7979864078362784
la_poza,La Poza,Chronos Large,16,gap_filled_or_missing_observation,19.0,25.18671831693139,0.2080312426849251,0.4561044208127401,-0.05118243431425267,0.3165678798975038,0.34747646228255474
la_poza,La Poza,Chronos Large,17,direct_observation,6.0,93.32297944311233,1.3790729440764513,1.1743393649522489,0.8547039972941083,0.7899443001747133,0.8869275557200115
la_poza,La Poza,Chronos Large,17,gap_filled_or_missing_observation,19.0,25.89157436516706,0.22160988638773157,0.4707545925296232,-0.05376716956299397,0.31149369838002405,0.36039162471581654
la_poza,La Poza,Chronos Large,18,direct_observation,7.0,109.37230304250176,1.617332318157466,1.2717438099544522,0.9493456409999305,0.7532016716003418,0.9493456409999305
la_poza,La Poza,Chronos Large,18,gap_filled_or_missing_observation,18.0,25.68623662832532,0.24454588856499848,0.49451581224971813,-0.07948134830481768,0.2588088223089774,0.3684255402070107
la_poza,La Poza,Chronos Large,19,direct_observation,7.0,119.11010504729302,1.6343203574562577,1.2784053963654323,0.9575654762813023,0.7771857166290284,0.9575654762813023
la_poza,La Poza,Chronos Large,19,gap_filled_or_missing_observation,18.0,26.143118944264582,0.2791478658464839,0.5283444575714634,-0.10594993145405188,0.3148195942873183,0.3837392362085465
la_poza,La Poza,Chronos Large,20,direct_observation,7.0,150.6552871759302,1.8518364508001162,1.36082197616004,1.0014511774608066,0.5894974985122681,1.0014511774608066
la_poza,La Poza,Chronos Large,20,gap_filled_or_missing_observation,18.0,25.167080774610877,0.30699203002410824,0.55406861490623,-0.12636153544146014,0.26898578609940704,0.382810739424929
la_poza,La Poza,Chronos Large,21,direct_observation,7.0,137.0752138368546,2.092512896833066,1.4465520719397094,1.066673659869603,0.7028916397094729,1.066673659869603
la_poza,La Poza,Chronos Large,21,gap_filled_or_missing_observation,18.0,26.006254004611844,0.349010842296957,0.5907713959705201,-0.12189588112274248,0.24042245424629727,0.4008435902020763
la_poza,La Poza,Chronos Large,22,direct_observation,7.0,134.27286760013484,2.1854406504491686,1.4783235946331805,1.0527984289441792,0.7361408710479737,1.0527984289441792
la_poza,La Poza,Chronos Large,22,gap_filled_or_missing_observation,18.0,26.365874066530065,0.3880370535024443,0.6229262022924098,-0.11680358617237523,0.19553241723142056,0.41357027367720234
la_poza,La Poza,Chronos Large,23,direct_observation,7.0,170.65750387724884,2.414741882494771,1.5539439766268186,0.9900995322636196,0.550264310836792,1.0810487191336495
la_poza,La Poza,Chronos Large,23,gap_filled_or_missing_observation,18.0,27.499808250228995,0.427661734030657,0.6539585109398431,-0.1397427240992379,0.31008852998756165,0.43816696357373314
la_poza,La Poza,Chronos Large,24,direct_observation,8.0,185.19504167667108,2.905063052432129,1.7044245516983523,0.6856039737462998,0.953878617286682,1.2793494411706923
la_poza,La Poza,Chronos Large,24,gap_filled_or_missing_observation,17.0,26.3784834161562,0.24080925951978618,0.4907232005110276,-0.05407715305530762,0.3038274564157959,0.3608344650972555
la_poza,La Poza,Chronos Large,25,direct_observation,7.0,225.9452979996849,2.964300364887872,1.7217143679739308,0.6722268226487297,0.9236065530776978,1.276302535533905
la_poza,La Poza,Chronos Large,25,gap_filled_or_missing_observation,18.0,29.731258313170393,0.26612585684657225,0.5158738768793902,-0.01675739975724759,0.3149817040804481,0.38926072797563754
la_poza,La Poza,Chronos Large,26,direct_observation,8.0,194.67859864518022,2.8058603270323372,1.6750702454023645,0.7765630723834038,0.9778698587417601,1.278310433447361
la_poza,La Poza,Chronos Large,26,gap_filled_or_missing_observation,17.0,27.054696503418405,0.25995793080177304,0.5098606974476195,-0.0386289924577356,0.2887304913742583,0.36171123153871404
la_poza,La Poza,Chronos Large,27,direct_observation,8.0,235.6930592124266,2.958173341981023,1.719934109778925,0.9168795996904373,0.9535289225578307,1.3494723786115648
la_poza,La Poza,Chronos Large,27,gap_filled_or_missing_observation,17.0,28.466665606692498,0.2830677563169024,0.5320411227686281,-0.028649913726985804,0.2912106270683632,0.37484748273419544
la_poza,La Poza,Chronos Large,28,direct_observation,8.0,259.17657367561674,3.7183349137828134,1.9282984503916434,0.7719525859355927,1.212536561489105,1.5640522887706756
la_poza,La Poza,Chronos Large,28,gap_filled_or_missing_observation,17.0,28.569088020417226,0.3074955253885722,0.5545227906845419,-0.024052326562609857,0.28160490042450625,0.37718980704202254
la_poza,La Poza,Chronos Large,29,direct_observation,8.0,231.41469511781332,3.445944570584859,1.8563255561955878,0.7906901408433912,1.1025255637168883,1.4811838117837905
la_poza,La Poza,Chronos Large,29,gap_filled_or_missing_observation,17.0,28.778835811470714,0.3186280161411584,0.5644714484729572,-0.020357988139326204,0.2446404641135791,0.3866291702885507
la_poza,La Poza,Chronos Large,30,direct_observation,7.0,208.0800871333833,3.4484425179322584,1.8569982546928412,0.9056086507524762,1.2953590173721312,1.5417411390032085
la_poza,La Poza,Chronos Large,30,gap_filled_or_missing_observation,18.0,27.989227357088907,0.3113641059923437,0.5580000949752103,-0.02503687726618299,0.30242438929067306,0.3750942159535888
la_poza,La Poza,TimesFM,1,direct_observation,7.0,14.148002521736725,0.014278017097880806,0.11949065694806772,0.08638626561846059,0.10576478195190431,0.10314564813886377
la_poza,La Poza,TimesFM,1,gap_filled_or_missing_observation,18.0,6.6957478150903595,0.03599703197198102,0.18972883800830337,-0.026788095453345255,0.04412013743181187,0.09772087098312067
la_poza,La Poza,TimesFM,2,direct_observation,6.0,21.33000715154253,0.07424383328358734,0.2724772160816154,0.13099100367228186,0.25714232921600333,0.2345331751505533
la_poza,La Poza,TimesFM,2,gap_filled_or_missing_observation,19.0,9.584370070255346,0.042139261419137396,0.20527849721570302,-0.03558572914537552,0.09896974113970025,0.13161868899027082
la_poza,La Poza,TimesFM,3,direct_observation,6.0,40.32147460976068,0.23451334094366952,0.48426577511080576,0.2391605126063029,0.4327243843078613,0.4234416087468465
la_poza,La Poza,TimesFM,3,gap_filled_or_missing_observation,19.0,12.225524368325285,0.0512240106132496,0.22632722022162866,-0.05401558495741243,0.12785321694358187,0.16561262272655794
la_poza,La Poza,TimesFM,4,direct_observation,6.0,56.5547176731995,0.40042954423436755,0.6327950254500802,0.45272040875752767,0.4221973600387574,0.46393105951944996
la_poza,La Poza,TimesFM,4,gap_filled_or_missing_observation,19.0,12.291506511731495,0.051203366044808706,0.22628160783591914,-0.04150195090354187,0.1266891333656318,0.1653429477686645
la_poza,La Poza,TimesFM,5,direct_observation,6.0,73.2776028768693,0.33723579046044155,0.5807200620440468,0.45298735141754154,0.5119028482437133,0.47390169938405363
la_poza,La Poza,TimesFM,5,gap_filled_or_missing_observation,19.0,13.42187204444488,0.0651845749892455,0.25531270040725645,-0.07397786245000754,0.15141099479697384,0.18473281699958408
la_poza,La Poza,TimesFM,6,direct_observation,6.0,126.20968240556716,0.329891564951361,0.5743618763039213,0.4281195027033487,0.4241326837539672,0.4748779325485229
la_poza,La Poza,TimesFM,6,gap_filled_or_missing_observation,19.0,15.47051806667529,0.0772705594562068,0.2779758253089768,-0.09927725189553395,0.17889164289204218,0.2178492998550892
la_poza,La Poza,TimesFM,7,direct_observation,6.0,79.61167786754012,0.4190939783392717,0.6473746815710911,0.49740264701843273,0.7148785152435304,0.549693463643392
la_poza,La Poza,TimesFM,7,gap_filled_or_missing_observation,19.0,15.649543247039094,0.08459217779450168,0.29084734448590327,-0.08958335058191416,0.14227103588487344,0.22113957194646225
la_poza,La Poza,TimesFM,8,direct_observation,6.0,57.684862487818066,0.3901713594878504,0.6246369821647213,0.47316285101572664,0.6214640073776244,0.5207621806462607
la_poza,La Poza,TimesFM,8,gap_filled_or_missing_observation,19.0,15.267798496660086,0.09527480535530246,0.30866617138148206,-0.08151628776259928,0.1740776854876126,0.22209850941514847
la_poza,La Poza,TimesFM,9,direct_observation,6.0,76.07154338655526,0.44994434681831147,0.6707789105348434,0.38744746081034337,0.31298625946044917,0.5296353289286295
la_poza,La Poza,TimesFM,9,gap_filled_or_missing_observation,19.0,16.262988356219658,0.1062046204518514,0.32589050377673084,-0.09763509921713945,0.2242236472219341,0.24081792241654293
la_poza,La Poza,TimesFM,10,direct_observation,7.0,87.7006813897203,0.6469844622601577,0.8043534436180141,0.2923173569270543,0.8625105381011964,0.6880814337049213
la_poza,La Poza,TimesFM,10,gap_filled_or_missing_observation,18.0,15.883105821203259,0.08707999478566726,0.29509319677970763,-0.08290503645981,0.1948865502668345,0.21679461491851595
la_poza,La Poza,TimesFM,11,direct_observation,6.0,119.88160745059272,0.842350261299239,0.917796416041836,0.47215400727589923,0.83389995098114,0.7740561704635619
la_poza,La Poza,TimesFM,11,gap_filled_or_missing_observation,19.0,17.793928933926097,0.10821883832267364,0.3289663179151836,-0.11556433555834203,0.19527947716616878,0.23830061200967556
la_poza,La Poza,TimesFM,12,direct_observation,7.0,82.95756574137158,0.7130611852090339,0.8444295028059086,0.3998112757546561,0.33325431442260744,0.6475556022099086
la_poza,La Poza,TimesFM,12,gap_filled_or_missing_observation,18.0,15.535300290470888,0.10759663054741118,0.32801925331817217,-0.08472000554169404,0.1282204605735418,0.22094821552368377
la_poza,La Poza,TimesFM,13,direct_observation,7.0,94.87241064176021,0.8789243155810395,0.9375096349270441,0.5650449627467564,0.3394239902496339,0.7035874437604633
la_poza,La Poza,TimesFM,13,gap_filled_or_missing_observation,18.0,16.491683375573615,0.11762677294142233,0.3429675975094766,-0.07686002462697211,0.14557038882416995,0.23427683989652706
la_poza,La Poza,TimesFM,14,direct_observation,7.0,109.79729768617965,1.2142264446784345,1.1019194365644136,0.40510299491882323,0.9185420932769776,0.8789771011897496
la_poza,La Poza,TimesFM,14,gap_filled_or_missing_observation,18.0,17.58494185626477,0.1353098570198358,0.36784488173663066,-0.07719503282938761,0.16048835061252065,0.25266743801319774
la_poza,La Poza,TimesFM,15,direct_observation,7.0,103.50461435209503,1.1046139609495351,1.0510061659902548,0.4645387382507325,0.6257400588989257,0.79482243510655
la_poza,La Poza,TimesFM,15,gap_filled_or_missing_observation,18.0,18.475577733643266,0.16172277508329308,0.40214770306852815,-0.08095652774869751,0.18379187791822926,0.2713812340724191
la_poza,La Poza,TimesFM,16,direct_observation,6.0,70.14827786963383,0.9142378691063247,0.9561578682970321,0.43860608514149985,0.27341459083557135,0.6379162791570029
la_poza,La Poza,TimesFM,16,gap_filled_or_missing_observation,19.0,23.187330865641613,0.21150927242056786,0.45990137249258983,-0.04790695517321812,0.2121522982607802,0.31770378706479235
la_poza,La Poza,TimesFM,17,direct_observation,6.0,62.508211474479644,0.7346084926304507,0.8570930478252934,0.5292128868103028,0.13107636165618897,0.5446764933268229
la_poza,La Poza,TimesFM,17,gap_filled_or_missing_observation,19.0,21.564190147105045,0.21733728912389638,0.46619447564712346,-0.07322053511479193,0.22784692925814243,0.3069338726952756
la_poza,La Poza,TimesFM,18,direct_observation,7.0,82.41883913599308,0.939289506952892,0.9691694934080891,0.6234014216831752,0.29092864608764646,0.6466748766217914
la_poza,La Poza,TimesFM,18,gap_filled_or_missing_observation,18.0,23.040633908726093,0.2464396052089577,0.49642683772028046,-0.09018959095961811,0.20592482867116546,0.33404201438545705
la_poza,La Poza,TimesFM,19,direct_observation,7.0,89.65803230119036,1.0167121723352135,1.0083214627960735,0.6351558123997281,0.35474042129516603,0.6543735765729634
la_poza,La Poza,TimesFM,19,gap_filled_or_missing_observation,18.0,24.792591767517244,0.2717897551323743,0.5213345903854589,-0.10648371091623042,0.23729229682663305,0.36133594921658096
la_poza,La Poza,TimesFM,20,direct_observation,7.0,135.4121908934954,1.2492774911437088,1.1177108262621906,0.694418370928083,0.432865047454834,0.7948210514613561
la_poza,La Poza,TimesFM,20,gap_filled_or_missing_observation,18.0,25.452781737247363,0.3062029920708995,0.5533561168640856,-0.12265323908949753,0.2539452206204751,0.3832328605472504
la_poza,La Poza,TimesFM,21,direct_observation,7.0,116.0692248818751,1.40226407355538,1.1841723158203707,0.7528808010646275,0.39208226585388184,0.8200682863507952
la_poza,La Poza,TimesFM,21,gap_filled_or_missing_observation,18.0,26.196312238809732,0.330021294267283,0.5744747986354867,-0.11988796620871721,0.25541179927925595,0.39523663720611313
la_poza,La Poza,TimesFM,22,direct_observation,7.0,109.89305271855396,1.4506418827286567,1.2044259556853865,0.7284065529959542,0.4173454284667969,0.7942332540239606
la_poza,La Poza,TimesFM,22,gap_filled_or_missing_observation,18.0,26.76791071204565,0.3649116261422015,0.6040791555269901,-0.11952100166411508,0.2159578151134836,0.4069568594286139
la_poza,La Poza,TimesFM,23,direct_observation,7.0,149.93349383548815,1.7446191167300569,1.320840307050802,0.6636457443237305,0.5188663940429687,0.9396948411124095
la_poza,La Poza,TimesFM,23,gap_filled_or_missing_observation,18.0,27.424919997827214,0.3948447227092269,0.6283667103763748,-0.14225088755138637,0.236989293954034,0.4245777129932729
la_poza,La Poza,TimesFM,24,direct_observation,8.0,167.15750940786188,2.3178369052134453,1.522444384932811,0.4059795861244202,0.6473966646194458,1.161866966724396
la_poza,La Poza,TimesFM,24,gap_filled_or_missing_observation,17.0,25.216292157065666,0.17722992369448884,0.4209868450373347,-0.046798594969361174,0.21176190056113597,0.3313702650756961
la_poza,La Poza,TimesFM,25,direct_observation,7.0,199.81829932229815,2.2492261669507405,1.499742033468003,0.35329930468967985,0.7464191856384277,1.1759280311039515
la_poza,La Poza,TimesFM,25,gap_filled_or_missing_observation,18.0,30.291610154194487,0.2461062006367133,0.49609091972814146,0.005475387719398002,0.23966126208645433,0.38485417338320044
la_poza,La Poza,TimesFM,26,direct_observation,8.0,169.0677866204981,2.1035795559513333,1.4503722128996175,0.5210341529846192,0.8753280334472655,1.1391442532539369
la_poza,La Poza,TimesFM,26,gap_filled_or_missing_observation,17.0,25.18317140297613,0.21014615120341604,0.4584170057964866,-0.038533600483005956,0.2276417080627997,0.3323627750761971
la_poza,La Poza,TimesFM,27,direct_observation,8.0,208.43374203766797,2.2235838429803305,1.49116861654889,0.6528702282905579,0.8605875959396362,1.1895758256912232
la_poza,La Poza,TimesFM,27,gap_filled_or_missing_observation,17.0,26.030539028677584,0.23770345138625426,0.487548409274663,-0.058346634214916974,0.2502156136027667,0.34834766383162014
la_poza,La Poza,TimesFM,28,direct_observation,8.0,233.63891335535465,2.947657902351878,1.7168744573648587,0.5353025958538056,1.2549528818130493,1.429369180440903
la_poza,La Poza,TimesFM,28,gap_filled_or_missing_observation,17.0,27.14862686230109,0.26303640036713244,0.5128707443080882,-0.056590347874650275,0.2813813614271399,0.36021487605782926
la_poza,La Poza,TimesFM,29,direct_observation,8.0,206.04974457544557,2.6611417199096015,1.6313006221753248,0.5678203423023225,1.2196841497421265,1.3222255918979646
la_poza,La Poza,TimesFM,29,gap_filled_or_missing_observation,17.0,28.75989748647439,0.2972029667099505,0.5451632477615769,-0.06449633554066464,0.2498561154448935,0.3845059732578296
la_poza,La Poza,TimesFM,30,direct_observation,7.0,172.9491985438331,2.565562000892879,1.6017371822158837,0.5963133029937745,1.326853744506836,1.2868892045702256
la_poza,La Poza,TimesFM,30,gap_filled_or_missing_observation,18.0,32.018556124040586,0.32330364476946327,0.5685979640919085,-0.04603860365511428,0.27840806327939505,0.41909453040761724
pucon,Pucón,Chronos Large,1,direct_observation,7.0,9.043852204407473,0.032638256069831,0.18066061017784424,0.07225480474744524,0.08486955976486216,0.12276975876944407
pucon,Pucón,Chronos Large,1,gap_filled_or_missing_observation,18.0,3.1241997982448653,0.005683051269550184,0.0753860150793911,0.0035911420228177515,0.02657777813908546,0.05076206979635914
pucon,Pucón,Chronos Large,2,direct_observation,7.0,19.971203310794856,0.09448890480400436,0.3073904761114182,0.11218980778966632,0.25447963666915885,0.24707376667431413
pucon,Pucón,Chronos Large,2,gap_filled_or_missing_observation,18.0,5.382120018096675,0.01615448437715935,0.12710029259273697,-0.02430503435422371,0.07326875058282645,0.09351234336349264
pucon,Pucón,Chronos Large,3,direct_observation,7.0,29.75814282953348,0.26053799626627944,0.5104292274804406,0.19877364860262187,0.3642304677963256,0.378433775969914
pucon,Pucón,Chronos Large,3,gap_filled_or_missing_observation,18.0,5.512005765271201,0.015400543402458592,0.12409892587149411,-0.035963925069913465,0.07379881508070152,0.0951719757047827
pucon,Pucón,Chronos Large,4,direct_observation,7.0,47.30126621479634,0.4483669844240457,0.6696021090349445,0.32391770243644713,0.387778889656067,0.47773426992552626
pucon,Pucón,Chronos Large,4,gap_filled_or_missing_observation,18.0,5.4681696895631005,0.012192143171772637,0.11041803825359621,-0.04097243097351563,0.09191888225823941,0.09479343477855591
pucon,Pucón,Chronos Large,5,direct_observation,7.0,56.21152036387901,0.3676217339536701,0.6063181788085115,0.35305995774269106,0.2543993673324585,0.43999365973472593
pucon,Pucón,Chronos Large,5,gap_filled_or_missing_observation,18.0,6.031059312356476,0.01872159346264438,0.1368268740512783,-0.04410964804934135,0.08127537498902349,0.10470783767209678
pucon,Pucón,Chronos Large,6,direct_observation,6.0,105.29860701222111,0.3737481192647432,0.6113494248502596,0.4559369407494862,0.5067537355422972,0.4812956341902414
pucon,Pucón,Chronos Large,6,gap_filled_or_missing_observation,19.0,9.109003419521509,0.03527687532859906,0.18782139209525378,-0.07121978705064178,0.14275651010936952,0.15220835195843999
pucon,Pucón,Chronos Large,7,direct_observation,6.0,69.32526550553511,0.5097559469383586,0.7139719510865665,0.5185359208583832,0.5204017629623414,0.5724149429798127
pucon,Pucón,Chronos Large,7,gap_filled_or_missing_observation,19.0,10.856728815352422,0.04757007303609614,0.21810564650209344,-0.056998507029494515,0.1259027638127146,0.18107373739216143
pucon,Pucón,Chronos Large,8,direct_observation,6.0,52.645578006699424,0.5210264626387824,0.7218216279932199,0.501482567469279,0.4087978472709656,0.5433118893305462
pucon,Pucón,Chronos Large,8,gap_filled_or_missing_observation,19.0,11.696237064393248,0.0612950265912078,0.24757832415461536,-0.05485348470257483,0.10319659554007687,0.19588941200679874
pucon,Pucón,Chronos Large,9,direct_observation,6.0,73.68230635193312,0.5253328797156663,0.7247985097360965,0.42846283745765684,0.5388177680969237,0.5704089597860972
pucon,Pucón,Chronos Large,9,gap_filled_or_missing_observation,19.0,12.739944996103015,0.07844488852216695,0.28008014660480124,-0.0735576564218292,0.1509019573067545,0.2152192604473881
pucon,Pucón,Chronos Large,10,direct_observation,7.0,83.22708653505806,0.7085502047614359,0.8417542424968442,0.44978321504592883,0.2697515087127691,0.6300827934401377
pucon,Pucón,Chronos Large,10,gap_filled_or_missing_observation,18.0,14.646932403072247,0.10053074341272851,0.3170658345087476,-0.056031739119300115,0.13583542522683778,0.23805912980965763
pucon,Pucón,Chronos Large,11,direct_observation,6.0,125.5466601090478,1.1668920766175686,1.0802277892266836,0.6268100300629934,0.8521046509742737,0.9649231261412302
pucon,Pucón,Chronos Large,11,gap_filled_or_missing_observation,19.0,17.131739739173476,0.12110900066315673,0.348007184786689,-0.09626416298893051,0.23223253031704183,0.26513427316096244
pucon,Pucón,Chronos Large,12,direct_observation,7.0,84.86320789915902,1.0514045105166658,1.0253801785272942,0.5578269782066345,0.6513459320068358,0.8286895007405962
pucon,Pucón,Chronos Large,12,gap_filled_or_missing_observation,18.0,15.140918814614984,0.11122354734302098,0.33350194503633857,-0.05433874182833977,0.15507696074885868,0.24805847385676413
pucon,Pucón,Chronos Large,13,direct_observation,7.0,100.89820467894089,1.3770933688360891,1.1734962159445121,0.7226744867052349,1.105194902420044,0.9346791234697613
pucon,Pucón,Chronos Large,13,gap_filled_or_missing_observation,18.0,15.135192740438702,0.10989856163183248,0.33150951966999753,-0.06782310173231561,0.17232223903790345,0.24865938136645405
pucon,Pucón,Chronos Large,14,direct_observation,7.0,110.53554291788441,1.4939516604183105,1.2222731529483541,0.5767361107553756,0.7171962203979492,0.8954579813139779
pucon,Pucón,Chronos Large,14,gap_filled_or_missing_observation,18.0,17.250111228217712,0.143578186256622,0.3789171232032435,-0.06095779495548628,0.22487748028813404,0.28509733202479703
pucon,Pucón,Chronos Large,15,direct_observation,7.0,99.25953896653185,1.421042735798388,1.192074970712156,0.6221465320587158,0.6619461016654968,0.829911994934082
pucon,Pucón,Chronos Large,15,gap_filled_or_missing_observation,18.0,18.148263705645803,0.16012566834129618,0.4001570545939384,-0.07167049193765687,0.24645111295491728,0.30394260159284797
pucon,Pucón,Chronos Large,16,direct_observation,7.0,75.64426045195273,1.1541289032080233,1.0743039156626133,0.6432640720094954,0.35394580554962163,0.7486056972231184
pucon,Pucón,Chronos Large,16,gap_filled_or_missing_observation,18.0,17.741664771012626,0.17516250249466628,0.4185241958294243,-0.10825047350335099,0.21690465564059003,0.3033859775736206
pucon,Pucón,Chronos Large,17,direct_observation,7.0,76.8806494724718,1.083601113571294,1.0409616292502304,0.7188535593577795,0.8712671775817871,0.8163585293633597
pucon,Pucón,Chronos Large,17,gap_filled_or_missing_observation,18.0,17.40639706183674,0.1888934463108875,0.4346187367232199,-0.10857661751658311,0.20384814492583114,0.30500768747462853
pucon,Pucón,Chronos Large,18,direct_observation,8.0,82.18925778392253,1.2339249558207686,1.110821747995946,0.7798100035786628,0.5381954741477966,0.8089392781853675
pucon,Pucón,Chronos Large,18,gap_filled_or_missing_observation,17.0,15.600922583317441,0.19886707623863195,0.4459451493610307,-0.13180167496039039,0.20399850783334128,0.297527438664448
pucon,Pucón,Chronos Large,19,direct_observation,8.0,87.39824711395428,1.2054759276527827,1.0979416777100606,0.7942710866928101,0.6055040817260744,0.7942710866928101
pucon,Pucón,Chronos Large,19,gap_filled_or_missing_observation,17.0,16.735697030929483,0.21328651126242504,0.46182952619167283,-0.12795351854468057,0.21165035806098276,0.3114869158157676
pucon,Pucón,Chronos Large,20,direct_observation,7.0,143.94050310207186,1.5599300183999054,1.248971584304425,0.8656570658002579,0.6947717962265014,0.8656570658002579
pucon,Pucón,Chronos Large,20,gap_filled_or_missing_observation,18.0,19.967759047326577,0.26094030534132373,0.5108231644525566,-0.09570940690285917,0.2255608022353508,0.3547819027627288
pucon,Pucón,Chronos Large,21,direct_observation,7.0,124.31077214619218,1.7400044914088866,1.3190922982903381,0.9257055585043771,0.8929240026473999,0.937281263078962
pucon,Pucón,Chronos Large,21,gap_filled_or_missing_observation,18.0,19.703982788199493,0.2656965260798735,0.5154575890215154,-0.07599758236240109,0.1955619577477018,0.35001328650872243
pucon,Pucón,Chronos Large,22,direct_observation,7.0,114.79734109735966,1.732693121632318,1.3163180169063697,0.8812347440038407,0.9156283159255979,0.9091013755117142
pucon,Pucón,Chronos Large,22,gap_filled_or_missing_observation,18.0,20.86720195832797,0.29407759894345986,0.5422892207516758,-0.07724872838644581,0.2568659331673634,0.37084873855015404
pucon,Pucón,Chronos Large,23,direct_observation,7.0,152.19112491108743,1.9456921326917294,1.39488068761874,0.8279679673058646,0.5914199371337889,0.9478088049207416
pucon,Pucón,Chronos Large,23,gap_filled_or_missing_observation,18.0,21.491465508879042,0.30980322258456094,0.556599696895858,-0.10238198294210754,0.2562685997528412,0.3823708047861641
pucon,Pucón,Chronos Large,24,direct_observation,8.0,165.65993396500554,2.320866503363128,1.5234390382825065,0.5997102906107903,0.9275266118049621,1.1214399152398111
pucon,Pucón,Chronos Large,24,gap_filled_or_missing_observation,17.0,21.0232210993562,0.18079081425032442,0.425195030839172,-0.0052723870746552515,0.27203871907550714,0.3203101451356176
pucon,Pucón,Chronos Large,25,direct_observation,7.0,220.38929541853665,2.566010112730599,1.6018770591810718,0.6433120474815369,1.053485457420349,1.2249776384489877
pucon,Pucón,Chronos Large,25,gap_filled_or_missing_observation,18.0,21.188072333360267,0.17550176889675623,0.41892931252987803,-0.0006235893719054802,0.2988077966871756,0.31095141994972764
pucon,Pucón,Chronos Large,26,direct_observation,8.0,176.40581739561364,2.3189352872217297,1.5228050719713702,0.6923197748064995,0.8560641703605653,1.1033279786705972
pucon,Pucón,Chronos Large,26,gap_filled_or_missing_observation,17.0,21.280797781644292,0.2015169783460871,0.44890642493295535,-0.01008583719959479,0.20934791984248902,0.32286528116228047
pucon,Pucón,Chronos Large,27,direct_observation,8.0,212.97905733462667,2.4555193892465463,1.5670096966025917,0.8342653119564056,0.8409919190406799,1.1653374478816985
pucon,Pucón,Chronos Large,27,gap_filled_or_missing_observation,17.0,22.36974106486886,0.21843248252764208,0.4673676096261294,-0.01767448914830542,0.29855159176708534,0.34218606667427226
pucon,Pucón,Chronos Large,28,direct_observation,8.0,237.43083307458483,3.076195957542751,1.7539087654558179,0.6919230685234069,1.1011767268180848,1.403008847475052
pucon,Pucón,Chronos Large,28,gap_filled_or_missing_observation,17.0,22.05903750405451,0.2448853588374335,0.49485892821836963,0.004704700704028051,0.25682785505554184,0.3381163889965198
pucon,Pucón,Chronos Large,29,direct_observation,8.0,206.3319444696963,2.805460467487592,1.67495088509711,0.7146700490713119,0.9779858307838439,1.2859724525213243
pucon,Pucón,Chronos Large,29,gap_filled_or_missing_observation,17.0,23.80028968436296,0.28451561658296454,0.5334000530398967,-0.0027441487022031668,0.1484233991618087,0.3703089497878447
pucon,Pucón,Chronos Large,30,direct_observation,8.0,158.93778567134822,2.3977068971399786,1.5484530658499076,0.7304565787911415,0.9717772445678712,1.1463823010325431
pucon,Pucón,Chronos Large,30,gap_filled_or_missing_observation,17.0,24.46606992815591,0.3040499554098106,0.5514072500519109,-0.047151099686063735,0.23574810871938978,0.3907548562182985
pucon,Pucón,TimesFM,1,direct_observation,7.0,8.353128676767733,0.01138149369274916,0.10668408359614455,0.05674255970546177,0.10066788578033448,0.09027698898315431
pucon,Pucón,TimesFM,1,gap_filled_or_missing_observation,18.0,3.214851413538431,0.006258877380958055,0.07911306706832984,-0.029415049230844332,0.03197330880163951,0.05229469785659946
pucon,Pucón,TimesFM,2,direct_observation,7.0,20.288847132752753,0.07579351534174858,0.27530622103713637,0.08837045914786194,0.28311256599426216,0.22834229605538495
pucon,Pucón,TimesFM,2,gap_filled_or_missing_observation,18.0,4.9443352887798415,0.016389057300666043,0.12801975355649628,-0.05653722618178578,0.05267405327489916,0.08632389675206882
pucon,Pucón,TimesFM,3,direct_observation,7.0,32.044637365623416,0.198409983854505,0.44543235609293697,0.1769852728843689,0.4473073005676269,0.35961409630094254
pucon,Pucón,TimesFM,3,gap_filled_or_missing_observation,18.0,5.5202831501958345,0.015938727084083795,0.1262486716131453,-0.06649374201530735,0.06888023106695518,0.09291379005772132
pucon,Pucón,TimesFM,4,direct_observation,7.0,49.38715466837359,0.3274476237651401,0.5722303939543408,0.3084718441963195,0.3202105278968813,0.4394700143677847
pucon,Pucón,TimesFM,4,gap_filled_or_missing_observation,18.0,5.635539290895561,0.013205290866858278,0.11491427616644626,-0.06917421632601063,0.07569367521769499,0.0968548946352164
pucon,Pucón,TimesFM,5,direct_observation,7.0,57.46704266633823,0.2632883863720131,0.5131163477925967,0.32779517092023575,0.19085113048553465,0.38205388150896347
pucon,Pucón,TimesFM,5,gap_filled_or_missing_observation,18.0,6.203236343638539,0.018275406970574594,0.1351865635726221,-0.06728247693558542,0.10063264268241434,0.10711487507541588
pucon,Pucón,TimesFM,6,direct_observation,6.0,114.0349977944571,0.2890083775498722,0.5375949939776896,0.393161676565806,0.30957511949539174,0.40580117591222126
pucon,Pucón,TimesFM,6,gap_filled_or_missing_observation,19.0,9.261992355293003,0.041473166452506614,0.2036496168729679,-0.11279195316725588,0.13191715010141047,0.16143332986963183
pucon,Pucón,TimesFM,7,direct_observation,6.0,66.64507367902016,0.3125423373916133,0.5590548608067131,0.4315950660705567,0.5514140882492067,0.4585256958007813
pucon,Pucón,TimesFM,7,gap_filled_or_missing_observation,19.0,10.015661133130049,0.0490359292335963,0.2214405772066093,-0.1071399670466486,0.133899322955781,0.17237294685436227
pucon,Pucón,TimesFM,8,direct_observation,6.0,45.54008213211016,0.26204484048339954,0.5119031553755061,0.3990887018839518,0.46603457832336437,0.41087549527486167
pucon,Pucón,TimesFM,8,gap_filled_or_missing_observation,19.0,10.442394052241935,0.06334850274213316,0.2516912845970896,-0.10312840330898156,0.09454836997450089,0.1801403207971743
pucon,Pucón,TimesFM,9,direct_observation,6.0,59.81513664334259,0.30951677056853344,0.5563423141992109,0.3028567873636881,0.2010753202438354,0.39285693454742426
pucon,Pucón,TimesFM,9,gap_filled_or_missing_observation,19.0,13.130810953817571,0.08504357900579679,0.2916223225437257,-0.13990659498733435,0.18891536841194445,0.22595523684668767
pucon,Pucón,TimesFM,10,direct_observation,7.0,71.78315537633573,0.40642506887351576,0.6375147597299342,0.29397557517460415,0.42681165504455576,0.5083917027882168
pucon,Pucón,TimesFM,10,gap_filled_or_missing_observation,18.0,13.7782304046071,0.0946556152163078,0.30766152703304944,-0.11724492782050588,0.17906200813958884,0.22869059612378756
pucon,Pucón,TimesFM,11,direct_observation,6.0,104.68797576425315,0.6042854249932481,0.7773579773780211,0.4212797938982646,0.6723542571067809,0.6899609293937683
pucon,Pucón,TimesFM,11,gap_filled_or_missing_observation,19.0,15.58466579665102,0.1094327269251154,0.3308061772777458,-0.1547871026709374,0.21538450956525068,0.2512386854338774
pucon,Pucón,TimesFM,12,direct_observation,7.0,68.8540843183293,0.4958658760859871,0.7041774464479724,0.39857563740866514,0.33244701576232893,0.5679762555531092
pucon,Pucón,TimesFM,12,gap_filled_or_missing_observation,18.0,12.564604763342835,0.10080136139171006,0.31749230131092954,-0.11351224633985509,0.15796411884760542,0.21301933442308588
pucon,Pucón,TimesFM,13,direct_observation,7.0,87.80903309449619,0.6825910891573537,0.8261907099195401,0.5393732592718941,0.7507101058959962,0.6964722430365426
pucon,Pucón,TimesFM,13,gap_filled_or_missing_observation,18.0,12.95168552383476,0.11517779308070884,0.3393785395111318,-0.13282488417610397,0.12501056203616634,0.21796913331365075
pucon,Pucón,TimesFM,14,direct_observation,7.0,98.29043316982118,0.8049495212259573,0.8971897910843376,0.3726507011141096,0.6235413150787354,0.7522773299898421
pucon,Pucón,TimesFM,14,gap_filled_or_missing_observation,18.0,15.02752747884829,0.14835605559356793,0.3851701644644454,-0.14183227774611534,0.14994125026205896,0.25727165167762633
pucon,Pucón,TimesFM,15,direct_observation,7.0,86.76901839880219,0.6829394831947851,0.8264015266169256,0.41040850761958536,0.4402657585144043,0.6445992321286883
pucon,Pucón,TimesFM,15,gap_filled_or_missing_observation,18.0,15.231765052199236,0.17604066056434728,0.4195719968781845,-0.14709168286177152,0.1649164311771959,0.2642258027849835
pucon,Pucón,TimesFM,16,direct_observation,7.0,60.90639874374969,0.49329785772463514,0.702351662434592,0.4333862744740077,0.16376324462890635,0.509795453616551
pucon,Pucón,TimesFM,16,gap_filled_or_missing_observation,18.0,16.39835478304442,0.20408025525081572,0.4517524269451308,-0.16972520076309286,0.20329102500024432,0.2896940077208919
pucon,Pucón,TimesFM,17,direct_observation,7.0,64.94885973110041,0.42380280304241513,0.6510013848237307,0.5151079728262765,0.40530429077148433,0.5418466641562325
pucon,Pucón,TimesFM,17,gap_filled_or_missing_observation,18.0,17.111948188105725,0.22970862110072174,0.47927927255486624,-0.19136904200994898,0.21393376865404723,0.3040313301962926
pucon,Pucón,TimesFM,18,direct_observation,8.0,75.9440406695754,0.5288313382151575,0.7272079057705283,0.6079958450198173,0.4497371127605438,0.6079958450198173
pucon,Pucón,TimesFM,18,gap_filled_or_missing_observation,17.0,14.400979624839339,0.24611480869210425,0.4960995955371303,-0.25680046884287266,0.20001113844076102,0.28933720699696436
pucon,Pucón,TimesFM,19,direct_observation,8.0,84.37999140305924,0.518221367633086,0.7198759390569225,0.6106485998034478,0.45587157130241396,0.6106485998034478
pucon,Pucón,TimesFM,19,gap_filled_or_missing_observation,17.0,15.38553781652313,0.2683748507208729,0.518049081382134,-0.25503083508130353,0.1743368977906239,0.3077026802785638
pucon,Pucón,TimesFM,20,direct_observation,7.0,136.9811612085454,0.728458514589951,0.8534978117077694,0.6706434575489588,0.6834430990219116,0.6836328417914254
pucon,Pucón,TimesFM,20,gap_filled_or_missing_observation,18.0,19.120689658859856,0.32688942187822484,0.571742443656429,-0.25262582656787785,0.2780052028941792,0.3723829797230436
pucon,Pucón,TimesFM,21,direct_observation,7.0,110.4493678682845,0.8020321199707864,0.895562460116985,0.7181543260983059,0.5070170226097107,0.7181543260983059
pucon,Pucón,TimesFM,21,gap_filled_or_missing_observation,18.0,19.091844088117405,0.34044253405690816,0.583474535911301,-0.2427353375020698,0.28218445102473166,0.3699993897927439
pucon,Pucón,TimesFM,22,direct_observation,7.0,98.58469043014146,0.7994262568468128,0.8941064013006578,0.677593133517674,0.42729621887207037,0.677593133517674
pucon,Pucón,TimesFM,22,gap_filled_or_missing_observation,18.0,19.350479115217762,0.36699543814830626,0.6058014841087023,-0.23388287038791575,0.22915799392550296,0.37650062675553964
pucon,Pucón,TimesFM,23,direct_observation,7.0,128.18607422534305,0.9903087278439658,0.9951425665923279,0.6211967297962734,0.5770985603332519,0.7185569938932146
pucon,Pucón,TimesFM,23,gap_filled_or_missing_observation,18.0,20.11039180691466,0.3897240895300084,0.6242788555845924,-0.24458583713208626,0.2507633656865924,0.39282140780574615
pucon,Pucón,TimesFM,24,direct_observation,8.0,138.46737303374297,1.5477878386372719,1.2441012171994978,0.36233315366506574,0.7722514505386353,0.9584042244553568
pucon,Pucón,TimesFM,24,gap_filled_or_missing_observation,17.0,18.21171759529216,0.1632236992965582,0.40400952872000206,-0.12025240100615404,0.19073754654470454,0.292234226766325
pucon,Pucón,TimesFM,25,direct_observation,7.0,175.82009590127262,1.455768241753714,1.2065522126098456,0.3519624065671648,0.6571372489929199,1.014015709059579
pucon,Pucón,TimesFM,25,gap_filled_or_missing_observation,18.0,20.13796936258566,0.17639267370678777,0.4199912781318057,-0.10485988419777725,0.23424145283815057,0.3123259233356831
pucon,Pucón,TimesFM,26,direct_observation,8.0,136.88241553221386,1.2437474363811543,1.115234251796973,0.43018835949897766,0.8439819679260253,0.9064636344909668
pucon,Pucón,TimesFM,26,gap_filled_or_missing_observation,17.0,19.23851901235112,0.1943822636844701,0.44088803985192215,-0.1278240350311414,0.279761949341611,0.30991038370563234
pucon,Pucón,TimesFM,27,direct_observation,8.0,167.15365719599137,1.2697026038537764,1.1268108110298625,0.5526633316278458,1.0020402965545654,0.9491854802370072
pucon,Pucón,TimesFM,27,gap_filled_or_missing_observation,17.0,19.847050624985737,0.21553265810734845,0.4642549494699528,-0.13730541845007221,0.27791881868489154,0.32762176900658446
pucon,Pucón,TimesFM,28,direct_observation,8.0,188.11906917257963,1.9602247405492363,1.4000802621811494,0.4176153034567833,1.1261030912399292,1.1871523028016089
pucon,Pucón,TimesFM,28,gap_filled_or_missing_observation,17.0,20.18323244940934,0.23269348218602495,0.4823831280072148,-0.11995498832970466,0.24524792102088977,0.3321854149626035
pucon,Pucón,TimesFM,29,direct_observation,8.0,156.97483728229216,1.660717514277101,1.2886882921316158,0.44222941440343855,1.0032205300331114,1.0752506328225135
pucon,Pucón,TimesFM,29,gap_filled_or_missing_observation,17.0,20.84227404630117,0.2674240059940588,0.5171305502424497,-0.12974477159177802,0.28057338529954845,0.3525795818771619
pucon,Pucón,TimesFM,30,direct_observation,8.0,125.15882365972837,1.3346907915854889,1.1552881855128134,0.4463178098797798,0.942239447593689,0.9530801141858101
pucon,Pucón,TimesFM,30,gap_filled_or_missing_observation,17.0,21.97989104774729,0.3066948838871737,0.5538004007647284,-0.1736126196005786,0.2631303929572051,0.383985529936815
